txt_path,image_path,wave_dt,wave_length,wave_pga,wave_rms,wave_mean_abs,wave_cav,wave_arias_proxy,wave_duration_5_95,wave_zero_crossing_rate,wave_dominant_freq,wave_spectral_centroid,wave_predominant_period,wave_intensity_score,wave_cluster,split
h5://C:/Users/12200/project/Dategeneral/Newdatabase/rare_waves_scaled.h5|230,,0.01,2001,0.3546309804457903,0.08338367162978894,0.05426506799045812,1.085844010489067,0.13912626225623403,10.02,0.041,1.1494252873563218,6.248703358575582,0.8700000000000001,0.9699570815450643,0,test
h5://C:/Users/12200/project/Dategeneral/Newdatabase/rare_waves_scaled.h5|104,,0.01,2001,0.27446942795315266,0.03552046344004475,0.02103565483702183,0.4209234532888068,0.025246683493141076,6.9,0.104,2.948525737131434,7.6730667901121645,0.3391525423728814,0.39914163090128757,1,test
h5://C:/Users/12200/project/Dategeneral/Newdatabase/rare_waves_scaled.h5|105,,0.01,2001,0.2753740687044704,0.0331241066706728,0.01696414970479215,0.3394526355928909,0.02195510091902951,5.71,0.0975,5.497251374312843,7.8382188291989205,0.1819090909090909,0.23605150214592274,1,test
h5://C:/Users/12200/project/Dategeneral/Newdatabase/rare_waves_scaled.h5|141,,0.01,2001,0.2900197140138351,0.02522777858525994,0.012322655397939787,0.24657633451277516,0.01273518065506147,7.11,0.0945,3.698150924537731,7.385207612933398,0.2704054054054054,0.1072961373390558,1,test
h5://C:/Users/12200/project/Dategeneral/Newdatabase/rare_waves_scaled.h5|143,,0.01,2001,0.290395311769937,0.038572299073721214,0.02156060964417201,0.4314277989798819,0.02977132333921022,7.2,0.1115,2.598700649675162,6.102206429022112,0.38480769230769235,0.47639484978540775,1,test
h5://C:/Users/12200/project/Dategeneral/Newdatabase/rare_waves_scaled.h5|145,,0.01,2001,0.2910676319732008,0.0391325093195449,0.018719122535574846,0.37456964193685266,0.030642379245741806,4.15,0.0875,5.597201399300349,6.8404357083299026,0.1786607142857143,0.351931330472103,1,test
h5://C:/Users/12200/project/Dategeneral/Newdatabase/rare_waves_scaled.h5|155,,0.01,2001,0.2937447315827385,0.03431010205297774,0.014799871785453328,0.2961454344269211,0.0235554338887438,3.68,0.0895,6.346826586706646,7.723413080281423,0.15755905511811025,0.2017167381974249,1,test
h5://C:/Users/12200/project/Dategeneral/Newdatabase/rare_waves_scaled.h5|175,,0.01,2001,0.3017024017434386,0.04963200930934955,0.02707474393196204,0.5417656260785604,0.04929136032514804,4.58,0.0915,2.6486756621689156,7.993341470571803,0.37754716981132075,0.6437768240343348,1,test
h5://C:/Users/12200/project/Dategeneral/Newdatabase/rare_waves_scaled.h5|206,,0.01,2001,0.3185350451697729,0.03752166094413446,0.01899991052334688,0.3801882095721711,0.028171579550531775,4.5,0.1045,2.498750624687656,8.076312871154412,0.4002,0.4291845493562232,1,test
h5://C:/Users/12200/project/Dategeneral/Newdatabase/rare_waves_scaled.h5|219,,0.01,2001,0.334249601142833,0.03575911123968504,0.015292048198526507,0.3059938844525154,0.0255870678734099,2.37,0.164,4.0479760119940025,10.193251252957431,0.24703703703703708,0.2875536480686695,1,test
h5://C:/Users/12200/project/Dategeneral/Newdatabase/rare_waves_scaled.h5|80,,0.01,2001,0.2621394019173191,0.03529644007947151,0.02138579172191727,0.42792969235556455,0.0249292320324973,9.89,0.154,1.649175412293853,10.43489903806223,0.6063636363636364,0.3776824034334764,1,test
h5://C:/Users/12200/project/Dategeneral/Newdatabase/rare_waves_scaled.h5|192,,0.01,2001,0.3112729148710924,0.04016951417364775,0.02654273708275304,0.5311201690258883,0.03228793327762722,11.91,0.072,0.9495252373813093,7.0051661417018405,1.053157894736842,0.6180257510729614,2,test
h5://C:/Users/12200/project/Dategeneral/Newdatabase/rare_waves_scaled.h5|202,,0.01,2001,0.3142559517729389,0.03225563312338821,0.017819497144665675,0.35656813786476016,0.020818921622494276,6.5200000000000005,0.06,0.49975012493753124,4.8810393611763745,2.001,0.34334763948497854,2,test
h5://C:/Users/12200/project/Dategeneral/Newdatabase/rare_waves_scaled.h5|25,,0.01,2001,0.2205314,0.04464753551455043,0.027590911373797104,0.5520941365896801,0.039887982574736074,8.11,0.053,0.6496751624187905,5.27132173279978,1.5392307692307694,0.5236051502145923,2,test
h5://C:/Users/12200/project/Dategeneral/Newdatabase/rare_waves_scaled.h5|51,,0.01,2001,0.243296,0.03574735040055167,0.02418249285634283,0.48389168205542,0.025570239943803034,11.34,0.0485,1.5992003998000999,4.819215621859064,0.6253125,0.463519313304721,2,test
h5://C:/Users/12200/project/Dategeneral/Newdatabase/rare_waves_scaled.h5|128,,0.01,2001,0.28614900423782114,0.053644966531833885,0.038613681799076115,0.772659772799513,0.05758442650837357,13.540000000000001,0.3355,16.091954022988507,17.076063002982938,0.06214285714285714,0.8154506437768241,3,test
h5://C:/Users/12200/project/Dategeneral/Newdatabase/rare_waves_scaled.h5|132,,0.01,2001,0.2873853543412922,0.0581189486796496,0.035139632153264856,0.7031440393868297,0.06759002203451116,8.91,0.0995,1.8990504747626187,7.039611721449283,0.526578947368421,0.7682403433476395,4,test
h5://C:/Users/12200/project/Dategeneral/Newdatabase/rare_waves_scaled.h5|134,,0.01,2001,0.287874449434765,0.05672162743627956,0.03505851272788584,0.7015208396849957,0.06437903381059225,8.13,0.066,2.6986506746626686,5.560849941925329,0.3705555555555556,0.7639484978540773,4,test
h5://C:/Users/12200/project/Dategeneral/Newdatabase/rare_waves_scaled.h5|136,,0.01,2001,0.2885637497652082,0.05699456234052018,0.04067936479894721,0.8139940896269338,0.0650000865291127,12.64,0.0855,0.5997001499250374,6.644641852972832,1.6675000000000002,0.8454935622317596,4,test
h5://C:/Users/12200/project/Dategeneral/Newdatabase/rare_waves_scaled.h5|153,,0.01,2001,0.2932505372561426,0.06302203228563118,0.04066996065731113,0.8138059127527957,0.07947524883375687,8.59,0.085,1.3493253373313343,5.590173181017807,0.7411111111111112,0.8669527896995708,4,test
h5://C:/Users/12200/project/Dategeneral/Newdatabase/rare_waves_scaled.h5|189,,0.01,2001,0.310077321307471,0.06116352949564873,0.040843711768588524,0.8172826724894564,0.0748569565807055,12.83,0.048,1.8490754622688654,4.085030980967657,0.5408108108108108,0.8798283261802575,4,test
h5://C:/Users/12200/project/Dategeneral/Newdatabase/rare_waves_scaled.h5|214,,0.01,2001,0.32355802387869464,0.06584771278812394,0.04389973470168756,0.8784336913807681,0.08676178480133953,10.47,0.1465,5.797101449275362,7.543598066850309,0.1725,0.9184549356223176,4,test
h5://C:/Users/12200/project/Dategeneral/Newdatabase/rare_waves_scaled.h5|231,,0.01,2001,0.3554474360484213,0.050512678323764035,0.03412996241857205,0.6829405479956268,0.05105612873551563,12.17,0.053,1.9490254872563717,4.9113351647158945,0.5130769230769231,0.7982832618025751,4,test
h5://C:/Users/12200/project/Dategeneral/Newdatabase/rare_waves_scaled.h5|27,,0.01,2001,0.222461,0.05731371186376924,0.04291270762635083,0.8586832796032801,0.0657300799677393,14.3,0.1275,0.8995502248875562,7.541653477218915,1.1116666666666666,0.8240343347639485,4,test
h5://C:/Users/12200/project/Dategeneral/Newdatabase/rare_waves_scaled.h5|193,,0.01,2001,0.3114833841496981,0.027246669253604763,0.011712510453520193,0.23436733417493905,0.014855043518160778,2.7600000000000002,0.3775,4.297851074462768,17.454523221146403,0.23267441860465118,0.12446351931330472,5,test
h5://C:/Users/12200/project/Dategeneral/Newdatabase/rare_waves_scaled.h5|83,,0.01,2001,0.26459670878334735,0.014721742508210534,0.00563843102541175,0.11282500481848912,0.0043367613465858405,3.15,0.13,4.797601199400299,13.933329184903767,0.20843750000000003,0.008583690987124463,5,test
h5://C:/Users/12200/project/Dategeneral/Newdatabase/rare_waves_scaled.h5|0,,0.01,2001,0.2004972434159643,0.0381874823703745,0.027225550106679704,0.5447832576346608,0.02918025903385114,13.120000000000001,0.078,0.24987506246876562,5.4591526597829985,4.002,0.48068669527896996,6,test
h5://C:/Users/12200/project/Dategeneral/Newdatabase/rare_waves_scaled.h5|11,,0.01,2001,0.2107656,0.04001308508335522,0.026934680775542234,0.5389629623186001,0.032036950027535364,9.53,0.109,2.2488755622188905,6.454366249123079,0.44466666666666665,0.49356223175965663,7,test
h5://C:/Users/12200/project/Dategeneral/Newdatabase/rare_waves_scaled.h5|14,,0.01,2001,0.211565,0.03536374642872797,0.025305285143488256,0.5063587557212,0.025024397175122164,13.75,0.0585,1.7491254372813592,4.531852973287043,0.5717142857142857,0.4206008583690987,7,test
h5://C:/Users/12200/project/Dategeneral/Newdatabase/rare_waves_scaled.h5|16,,0.01,2001,0.2159586,0.03329165335480085,0.02258440269977911,0.45191389802258003,0.022177767003755424,12.63,0.064,2.2988505747126435,5.377639190411471,0.43500000000000005,0.3090128755364807,7,test
h5://C:/Users/12200/project/Dategeneral/Newdatabase/rare_waves_scaled.h5|17,,0.01,2001,0.216454,0.02934906714725177,0.018018620681734134,0.3605525998415,0.017235968525702004,11.09,0.0455,1.3993003498250873,5.234057016091499,0.7146428571428572,0.15021459227467812,7,test
h5://C:/Users/12200/project/Dategeneral/Newdatabase/rare_waves_scaled.h5|4,,0.01,2001,0.2042484,0.038007616918222666,0.02547774643512144,0.5098097061667801,0.028906024665485336,11.58,0.1005,4.697651174412793,7.085752696424425,0.21287234042553194,0.4248927038626609,7,test
h5://C:/Users/12200/project/Dategeneral/Newdatabase/rare_waves_scaled.h5|47,,0.01,2001,0.2394132,0.03217604524199503,0.019403647186374617,0.38826698019935607,0.020716310727172366,7.72,0.0975,2.998500749625187,5.968441573191488,0.3335,0.24892703862660945,7,test
h5://C:/Users/12200/project/Dategeneral/Newdatabase/rare_waves_scaled.h5|53,,0.01,2001,0.24680458,0.027751088678498813,0.015171500067905257,0.3035817163587842,0.015410159686066521,7.2,0.09,2.6486756621689156,7.947590299429103,0.37754716981132075,0.12875536480686695,7,test
h5://C:/Users/12200/project/Dategeneral/Newdatabase/rare_waves_scaled.h5|55,,0.01,2001,0.2475366,0.036329233909455264,0.02282317362951524,0.45669170432659995,0.026409462861322758,8.950000000000001,0.087,2.6486756621689156,7.7391395573288815,0.37754716981132075,0.41201716738197425,7,test
h5://C:/Users/12200/project/Dategeneral/Newdatabase/rare_waves_scaled.h5|107,,0.01,2001,0.2770221633693533,0.09884512620550392,0.07992382625023556,1.5992757632672134,0.1955048830813858,18.38,0.0885,1.3493253373313343,7.4960720993720775,0.7411111111111112,1.0,0,train
h5://C:/Users/12200/project/Dategeneral/Newdatabase/rare_waves_scaled.h5|108,,0.01,2001,0.27708684349372514,0.09354683647195057,0.07492996906866187,1.499348681063924,0.1751077223843363,16.75,0.03,0.9495252373813093,3.166331388533212,1.053157894736842,0.9914163090128756,0,train
h5://C:/Users/12200/project/Dategeneral/Newdatabase/rare_waves_scaled.h5|127,,0.01,2001,0.2844369035883947,0.09621863751608567,0.07681355001439344,1.5370391357880127,0.1852531043710923,17.740000000000002,0.1065,2.2488755622188905,7.8628105744316,0.44466666666666665,0.9957081545064378,0,train
h5://C:/Users/12200/project/Dategeneral/Newdatabase/rare_waves_scaled.h5|212,,0.01,2001,0.3222848890487567,0.0844353001869373,0.05867482194318991,1.17408318708323,0.14265769155234087,11.78,0.048,0.9995002498750625,6.4788341953114275,1.0005,0.9785407725321889,0,train
h5://C:/Users/12200/project/Dategeneral/Newdatabase/rare_waves_scaled.h5|220,,0.01,2001,0.336111772437444,0.08847114213353335,0.06505014739562541,1.3016534493864647,0.15662113123814134,13.63,0.1215,2.2488755622188905,7.855943877404119,0.44466666666666665,0.9871244635193133,0,train
h5://C:/Users/12200/project/Dategeneral/Newdatabase/rare_waves_scaled.h5|76,,0.01,2001,0.26122102456260193,0.08510629528431132,0.06516414643608444,1.3039345701860494,0.14493406075537807,15.1,0.038,0.39980009995002497,4.588173631196892,2.50125,0.9828326180257511,0,train
h5://C:/Users/12200/project/Dategeneral/Newdatabase/rare_waves_scaled.h5|102,,0.01,2001,0.2725736409334473,0.03397447446200342,0.015398365533287965,0.3081212943210922,0.023096840948536146,3.5700000000000003,0.107,3.9480259870064964,6.741031869282542,0.25329113924050634,0.18025751072961374,1,train
h5://C:/Users/12200/project/Dategeneral/Newdatabase/rare_waves_scaled.h5|109,,0.01,2001,0.2771195951367867,0.04324209711806446,0.026433524763702032,0.5289348305216777,0.037416278052994065,8.71,0.0955,1.7491254372813592,6.640979482951581,0.5717142857142857,0.5793991416309013,1,train
h5://C:/Users/12200/project/Dategeneral/Newdatabase/rare_waves_scaled.h5|111,,0.01,2001,0.27861152921179033,0.045341763932140455,0.027542222627923472,0.5511198747847487,0.04113806988512384,6.9,0.076,2.098950524737631,10.492328324878443,0.4764285714285715,0.6094420600858369,1,train
h5://C:/Users/12200/project/Dategeneral/Newdatabase/rare_waves_scaled.h5|112,,0.01,2001,0.2789394449820313,0.03158368963181885,0.0197139566308209,0.39447627218272624,0.019960564309688827,10.71,0.117,2.898550724637681,9.33391351656967,0.345,0.33905579399141633,1,train
h5://C:/Users/12200/project/Dategeneral/Newdatabase/rare_waves_scaled.h5|113,,0.01,2001,0.2794601110104827,0.025594259057476813,0.011435534462957914,0.22882504460378786,0.01310787259499169,5.93,0.1145,5.44727636181909,7.880527186249356,0.18357798165137618,0.07725321888412018,1,train
h5://C:/Users/12200/project/Dategeneral/Newdatabase/rare_waves_scaled.h5|114,,0.01,2001,0.28020453826569847,0.03205019139602047,0.016168839728013265,0.32353848295754545,0.020554567518116112,4.92,0.1555,2.2488755622188905,11.129880307865731,0.44466666666666665,0.22317596566523606,1,train
h5://C:/Users/12200/project/Dategeneral/Newdatabase/rare_waves_scaled.h5|116,,0.01,2001,0.2818228735961526,0.03254575076884471,0.018053659157183117,0.3612537197352341,0.021195110121086193,7.49,0.1265,1.8490754622688654,9.216587456668506,0.5408108108108108,0.2832618025751073,1,train
h5://C:/Users/12200/project/Dategeneral/Newdatabase/rare_waves_scaled.h5|119,,0.01,2001,0.28257120076381853,0.03135193099375718,0.012183299045659445,0.24378781390364548,0.019668700976516615,2.91,0.135,4.697651174412793,8.70559455474209,0.21287234042553194,0.10300429184549356,1,train
h5://C:/Users/12200/project/Dategeneral/Newdatabase/rare_waves_scaled.h5|120,,0.01,2001,0.28270112818751697,0.026379456241263546,0.010644464691913774,0.21299573848519462,0.013924472988810612,3.83,0.119,5.147426286856572,8.642889834867455,0.19427184466019418,0.06437768240343347,1,train
h5://C:/Users/12200/project/Dategeneral/Newdatabase/rare_waves_scaled.h5|122,,0.01,2001,0.28327496557545295,0.042083120540973455,0.025784631905161767,0.515950484422287,0.035437490579666706,7.99,0.1245,6.896551724137931,9.592118932681734,0.14500000000000002,0.5708154506437768,1,train
h5://C:/Users/12200/project/Dategeneral/Newdatabase/rare_waves_scaled.h5|123,,0.01,2001,0.2834818827295269,0.05124868718591196,0.02706539925265977,0.541578639045722,0.052554823044971936,4.28,0.102,5.497251374312843,7.146572029603418,0.1819090909090909,0.630901287553648,1,train
h5://C:/Users/12200/project/Dategeneral/Newdatabase/rare_waves_scaled.h5|131,,0.01,2001,0.2869831125132736,0.03594827583190812,0.0220050612582806,0.4403212757781948,0.02585849349109186,8.57,0.1105,1.5992003998000999,7.384447059697673,0.6253125,0.4721030042918455,1,train
h5://C:/Users/12200/project/Dategeneral/Newdatabase/rare_waves_scaled.h5|135,,0.01,2001,0.28835454380019027,0.03842154966025577,0.024069024568092227,0.4816211816075255,0.02953907172069297,9.82,0.1155,5.997001499250374,8.753722975950877,0.16675,0.51931330472103,1,train
h5://C:/Users/12200/project/Dategeneral/Newdatabase/rare_waves_scaled.h5|137,,0.01,2001,0.288658343583279,0.029360681066968253,0.01537293425621905,0.3076124144669432,0.017249612350251724,5.95,0.104,2.048975512243878,8.810990482899175,0.4880487804878049,0.19313304721030042,1,train
h5://C:/Users/12200/project/Dategeneral/Newdatabase/rare_waves_scaled.h5|138,,0.01,2001,0.2890983973841652,0.029800672230527642,0.01169053494454249,0.2339276042402952,0.017770482108480742,3.47,0.0915,3.298350824587706,6.625384812662626,0.3031818181818182,0.09871244635193133,1,train
h5://C:/Users/12200/project/Dategeneral/Newdatabase/rare_waves_scaled.h5|139,,0.01,2001,0.28929014788644014,0.02825720175200795,0.010890105682402867,0.21791101470488136,0.015977373711582164,3.14,0.0985,4.197901049475262,6.544329302908569,0.23821428571428574,0.0815450643776824,1,train
h5://C:/Users/12200/project/Dategeneral/Newdatabase/rare_waves_scaled.h5|144,,0.01,2001,0.2904422108871956,0.027113043281329362,0.016848513195315905,0.3371387490382713,0.01470969349066454,8.49,0.078,1.9490254872563717,10.862031613168709,0.5130769230769231,0.2446351931330472,1,train
h5://C:/Users/12200/project/Dategeneral/Newdatabase/rare_waves_scaled.h5|149,,0.01,2001,0.2920618936933445,0.03303946692149711,0.014174759656545107,0.2836369407274676,0.021843043552878607,3.35,0.101,4.0479760119940025,6.78342969629446,0.24703703703703708,0.1630901287553648,1,train
h5://C:/Users/12200/project/Dategeneral/Newdatabase/rare_waves_scaled.h5|154,,0.01,2001,0.29364607899266576,0.05138217961216991,0.028710530639120706,0.5744977180888053,0.05282896891776276,7.07,0.074,2.7986006996501747,5.6470031222508,0.3573214285714286,0.6652360515021459,1,train
h5://C:/Users/12200/project/Dategeneral/Newdatabase/rare_waves_scaled.h5|159,,0.01,2001,0.29445582422033656,0.02528499472521258,0.010489481494883717,0.20989452471262318,0.0127930124746631,5.32,0.09,6.596701649175412,7.253327115402272,0.1515909090909091,0.06866952789699571,1,train
h5://C:/Users/12200/project/Dategeneral/Newdatabase/rare_waves_scaled.h5|162,,0.01,2001,0.2954126951891535,0.05126982027233102,0.031037281128348065,0.6210559953782447,0.05259817535985006,7.6000000000000005,0.101,2.898550724637681,7.9724663400507705,0.345,0.7124463519313304,1,train
h5://C:/Users/12200/project/Dategeneral/Newdatabase/rare_waves_scaled.h5|170,,0.01,2001,0.30053069732453425,0.04285675205695976,0.02438267011586435,0.48789722901844573,0.03675239094940321,6.13,0.105,5.397301349325337,7.845514570254832,0.1852777777777778,0.5536480686695279,1,train
h5://C:/Users/12200/project/Dategeneral/Newdatabase/rare_waves_scaled.h5|171,,0.01,2001,0.30055143803648837,0.02823910250233439,0.009042739592114253,0.1809452192382062,0.015956912671848344,1.26,0.0965,2.2988505747126435,6.960765539403951,0.43500000000000005,0.055793991416309016,1,train
h5://C:/Users/12200/project/Dategeneral/Newdatabase/rare_waves_scaled.h5|173,,0.01,2001,0.30060190745224197,0.047361835734302145,0.02909100198636096,0.5821109497470828,0.04488530111730163,8.16,0.112,3.0484757621189402,6.877837258715195,0.32803278688524595,0.6781115879828327,1,train
h5://C:/Users/12200/project/Dategeneral/Newdatabase/rare_waves_scaled.h5|174,,0.01,2001,0.3008776626246759,0.025705448011765126,0.010190848872760228,0.20391888594393215,0.013222008850286047,2.59,0.1415,3.0484757621189402,10.036070279567765,0.32803278688524595,0.07296137339055794,1,train
h5://C:/Users/12200/project/Dategeneral/Newdatabase/rare_waves_scaled.h5|176,,0.01,2001,0.30243138105472933,0.045593496164139526,0.02420569687662388,0.4843559945012439,0.041596125518312814,4.51,0.1015,4.997501249375312,9.092167682267478,0.2001,0.5665236051502146,1,train
h5://C:/Users/12200/project/Dategeneral/Newdatabase/rare_waves_scaled.h5|177,,0.01,2001,0.3028356204277267,0.03974846917924238,0.018564113430205698,0.37146790973841604,0.03161461544988455,3.27,0.1115,6.846576711644177,7.510273467101804,0.14605839416058397,0.37339055793991416,1,train
h5://C:/Users/12200/project/Dategeneral/Newdatabase/rare_waves_scaled.h5|178,,0.01,2001,0.30347428375201085,0.046983930306783515,0.027671019321820384,0.553697096629626,0.04417186903852453,6.86,0.1475,1.4492753623188406,7.7031039273674775,0.69,0.6523605150214592,1,train
h5://C:/Users/12200/project/Dategeneral/Newdatabase/rare_waves_scaled.h5|186,,0.01,2001,0.30745040761498055,0.05053718559644649,0.028175026282690117,0.5637822759166292,0.05110568263147367,6.140000000000001,0.095,2.6986506746626686,7.337361721933961,0.3705555555555556,0.6738197424892703,1,train
h5://C:/Users/12200/project/Dategeneral/Newdatabase/rare_waves_scaled.h5|190,,0.01,2001,0.31035876881973073,0.04442822044112552,0.02621645300692311,0.5245912246685314,0.03949707409902052,6.62,0.1645,1.5992003998000999,11.490245079386563,0.6253125,0.6223175965665236,1,train
h5://C:/Users/12200/project/Dategeneral/Newdatabase/rare_waves_scaled.h5|191,,0.01,2001,0.3106973891661164,0.02327839400937378,0.008247943107437893,0.16504134157983225,0.010843091389389539,1.83,0.1315,4.0479760119940025,7.369324485350275,0.24703703703703708,0.04721030042918455,1,train
h5://C:/Users/12200/project/Dategeneral/Newdatabase/rare_waves_scaled.h5|196,,0.01,2001,0.3125406886947868,0.041350652200477664,0.02364550239277585,0.47314650287944476,0.03421462751247141,7.46,0.1375,5.047476261869066,9.41508627176426,0.1981188118811881,0.5450643776824035,1,train
h5://C:/Users/12200/project/Dategeneral/Newdatabase/rare_waves_scaled.h5|197,,0.01,2001,0.312876100175009,0.050043160654907624,0.02419591810831329,0.48416032134734893,0.05011140174594122,4.43,0.0965,3.548225887056472,7.412332311650943,0.28183098591549294,0.5879828326180258,1,train
h5://C:/Users/12200/project/Dategeneral/Newdatabase/rare_waves_scaled.h5|199,,0.01,2001,0.3129017964841276,0.03923842130594748,0.016403862785514926,0.32824129433815363,0.030808470668726495,2.75,0.082,2.1989005497251375,5.264813262350987,0.4547727272727273,0.30042918454935624,1,train
h5://C:/Users/12200/project/Dategeneral/Newdatabase/rare_waves_scaled.h5|200,,0.01,2001,0.31308732996144095,0.022429907222876688,0.011861151600357575,0.23734164352315507,0.010067045767917384,9.73,0.0505,1.1994002998500748,7.1366543203268105,0.8337500000000001,0.12017167381974249,1,train
h5://C:/Users/12200/project/Dategeneral/Newdatabase/rare_waves_scaled.h5|204,,0.01,2001,0.31725120476464796,0.0427639012448253,0.018204620605879046,0.36427445832363975,0.03659331250604019,2.21,0.079,5.547226386806597,6.180291004732761,0.18027027027027026,0.40772532188841204,1,train
h5://C:/Users/12200/project/Dategeneral/Newdatabase/rare_waves_scaled.h5|207,,0.01,2001,0.3187457996213156,0.04106371943499931,0.023218949719517087,0.4646111838875369,0.033741443367265166,5.94,0.0745,2.498750624687656,6.397325613478252,0.4002,0.5407725321888412,1,train
h5://C:/Users/12200/project/Dategeneral/Newdatabase/rare_waves_scaled.h5|208,,0.01,2001,0.31902180508489447,0.04278313450293645,0.025070337285498314,0.5016574490828213,0.036626235923905986,6.76,0.1035,1.9490254872563717,8.457239662518676,0.5130769230769231,0.592274678111588,1,train
h5://C:/Users/12200/project/Dategeneral/Newdatabase/rare_waves_scaled.h5|210,,0.01,2001,0.32123998089983813,0.041581675175630044,0.025556072939927035,0.51137701952794,0.03459800456533627,10.02,0.076,2.048975512243878,6.279164269868723,0.4880487804878049,0.6137339055793991,1,train
h5://C:/Users/12200/project/Dategeneral/Newdatabase/rare_waves_scaled.h5|211,,0.01,2001,0.3221520820813961,0.037192670976688144,0.018268887825307365,0.3655604453844004,0.02767972843534742,5.37,0.059,2.598700649675162,4.77566929644445,0.38480769230769235,0.3905579399141631,1,train
h5://C:/Users/12200/project/Dategeneral/Newdatabase/rare_waves_scaled.h5|218,,0.01,2001,0.33228571017129716,0.03482032034189931,0.013614613908473386,0.27242842430855246,0.024261218721336863,2.97,0.1365,5.197401299350324,8.267304886532996,0.19240384615384618,0.2317596566523605,1,train
h5://C:/Users/12200/project/Dategeneral/Newdatabase/rare_waves_scaled.h5|223,,0.01,2001,0.3391157617896607,0.04203088039878482,0.021952770461089247,0.4392749369263958,0.03534956409101005,5.3100000000000005,0.081,2.448775612193903,11.529645192355481,0.4083673469387755,0.5364806866952789,1,train
h5://C:/Users/12200/project/Dategeneral/Newdatabase/rare_waves_scaled.h5|224,,0.01,2001,0.34092119425632106,0.04744069179484702,0.025185528007462418,0.5039624154293231,0.04503489095185304,5.87,0.094,1.4992503748125936,7.1621233358036,0.667,0.648068669527897,1,train
h5://C:/Users/12200/project/Dategeneral/Newdatabase/rare_waves_scaled.h5|227,,0.01,2001,0.3425857462325603,0.04426484412198642,0.023785307735063432,0.4759440077786193,0.039207122267126554,4.79,0.1185,1.999000499750125,9.13660195879124,0.50025,0.6008583690987125,1,train
h5://C:/Users/12200/project/Dategeneral/Newdatabase/rare_waves_scaled.h5|228,,0.01,2001,0.3431685126202957,0.034473868516786965,0.01965997411690617,0.39339608207929244,0.023780836686359438,7.3100000000000005,0.079,3.8980509745127434,8.224840964051607,0.25653846153846155,0.4892703862660944,1,train
h5://C:/Users/12200/project/Dategeneral/Newdatabase/rare_waves_scaled.h5|232,,0.01,2001,0.3558717193061579,0.03817183511455893,0.017271384776883753,0.3456004093854439,0.02915635081022162,4.11,0.0555,2.6486756621689156,4.742235924453828,0.37754716981132075,0.44206008583690987,1,train
h5://C:/Users/12200/project/Dategeneral/Newdatabase/rare_waves_scaled.h5|72,,0.01,2001,0.25992971825661854,0.04246087411675942,0.022149398236318035,0.44320945870872386,0.03607654587349339,4.83,0.1235,5.047476261869066,8.080974208943202,0.1981188118811881,0.44635193133047213,1,train
h5://C:/Users/12200/project/Dategeneral/Newdatabase/rare_waves_scaled.h5|81,,0.01,2001,0.26317418708938567,0.04749159875691605,0.028727941266598507,0.5748461047446362,0.045131593569283084,8.41,0.1105,2.898550724637681,7.038313594666147,0.345,0.6266094420600858,1,train
h5://C:/Users/12200/project/Dategeneral/Newdatabase/rare_waves_scaled.h5|92,,0.01,2001,0.26941372667048186,0.04704570330667133,0.027861023558518185,0.557499081405949,0.04428809697438311,7.73,0.0935,3.698150924537731,5.735753719176119,0.2704054054054054,0.6051502145922747,1,train
h5://C:/Users/12200/project/Dategeneral/Newdatabase/rare_waves_scaled.h5|96,,0.01,2001,0.27063386501106657,0.027121265980731758,0.012252496798273373,0.2451724609334502,0.014718616998635935,4.21,0.12,6.6966516741629185,6.972168671832181,0.14932835820895524,0.09012875536480687,1,train
h5://C:/Users/12200/project/Dategeneral/Newdatabase/rare_waves_scaled.h5|100,,0.01,2001,0.27121312448649953,0.039496189587495324,0.0218798567385509,0.4378159333384036,0.031214579328546797,11.05,0.036,1.0994502748625687,3.0905213496790407,0.9095454545454545,0.45493562231759654,2,train
h5://C:/Users/12200/project/Dategeneral/Newdatabase/rare_waves_scaled.h5|110,,0.01,2001,0.278566958435602,0.04510870810829766,0.030866269763527153,0.6176340579681784,0.040716258899463974,12.63,0.025,0.8995502248875562,2.8284141278595683,1.1116666666666666,0.6866952789699571,2,train
h5://C:/Users/12200/project/Dategeneral/Newdatabase/rare_waves_scaled.h5|118,,0.01,2001,0.2824092083976411,0.050106633676026614,0.03137857592983271,0.6278853043559525,0.050238601514253925,11.35,0.0225,0.7996001999000499,2.6426472625941746,1.250625,0.703862660944206,2,train
h5://C:/Users/12200/project/Dategeneral/Newdatabase/rare_waves_scaled.h5|126,,0.01,2001,0.2839860546035057,0.03743692485951689,0.023852447495237496,0.47728747437970226,0.02804448209217165,12.58,0.0475,0.9995002498750625,4.33573793183566,1.0005,0.5107296137339056,2,train
h5://C:/Users/12200/project/Dategeneral/Newdatabase/rare_waves_scaled.h5|146,,0.01,2001,0.29172289893194725,0.05462205395434615,0.02986513864566651,0.5976014242997869,0.059701211251611944,7.73,0.04,0.8495752123938031,3.515487687448394,1.1770588235294117,0.6952789699570815,2,train
h5://C:/Users/12200/project/Dategeneral/Newdatabase/rare_waves_scaled.h5|148,,0.01,2001,0.29187938692932747,0.03539051485188321,0.01861559959656682,0.37249814792730207,0.02506229571504213,9.97,0.0565,2.448775612193903,4.846961747241495,0.4083673469387755,0.33047210300429186,2,train
h5://C:/Users/12200/project/Dategeneral/Newdatabase/rare_waves_scaled.h5|158,,0.01,2001,0.29431149441393134,0.04136565083239379,0.024742228156381062,0.49509198540918503,0.034239452546438294,10.36,0.0275,0.9495252373813093,2.819234154652209,1.053157894736842,0.5493562231759657,2,train
h5://C:/Users/12200/project/Dategeneral/Newdatabase/rare_waves_scaled.h5|160,,0.01,2001,0.2944654410019054,0.05234536398064099,0.03204173158608149,0.6411550490374908,0.054828142976618414,10.72,0.025,0.6496751624187905,2.1934628796632274,1.5392307692307694,0.7296137339055794,2,train
h5://C:/Users/12200/project/Dategeneral/Newdatabase/rare_waves_scaled.h5|167,,0.01,2001,0.2989533168364715,0.04965498238180275,0.03186522045292975,0.6376230612631243,0.049337001679496194,16.2,0.031,0.6996501749125437,3.185546682783279,1.4292857142857145,0.721030042918455,2,train
h5://C:/Users/12200/project/Dategeneral/Newdatabase/rare_waves_scaled.h5|168,,0.01,2001,0.2992988966097274,0.03980872759845809,0.02529312407558003,0.5061154127523564,0.03171054320809486,10.8,0.0225,0.6996501749125437,3.3844669914749526,1.4292857142857145,0.575107296137339,2,train
h5://C:/Users/12200/project/Dategeneral/Newdatabase/rare_waves_scaled.h5|185,,0.01,2001,0.30718390995738704,0.03978139979142429,0.016994127793441612,0.34005249714676666,0.031667020984996304,3.49,0.045,1.249375312343828,3.903148165644708,0.8004,0.3133047210300429,2,train
h5://C:/Users/12200/project/Dategeneral/Newdatabase/rare_waves_scaled.h5|194,,0.01,2001,0.3116412778817219,0.0501091567105154,0.032371575953339914,0.6477552348263317,0.0502436610006422,10.450000000000001,0.0635,0.8495752123938031,6.920201114783539,1.1770588235294117,0.7467811158798283,2,train
h5://C:/Users/12200/project/Dategeneral/Newdatabase/rare_waves_scaled.h5|215,,0.01,2001,0.325422625607224,0.03320127769398436,0.015422731884131879,0.30860886500147894,0.022057520058666392,5.63,0.042,1.299350324837581,3.529974666183251,0.7696153846153847,0.26609442060085836,2,train
h5://C:/Users/12200/project/Dategeneral/Newdatabase/rare_waves_scaled.h5|31,,0.01,2001,0.2245642,0.03668676397883214,0.02227013733797501,0.44562544813288,0.026931832211283094,7.36,0.0515,0.8995502248875562,4.957131913427668,1.1116666666666666,0.33476394849785407,2,train
h5://C:/Users/12200/project/Dategeneral/Newdatabase/rare_waves_scaled.h5|37,,0.01,2001,0.229507,0.05000477302162544,0.03656842670064767,0.73173421827996,0.05003455127213503,14.56,0.036,1.8990504747626187,3.122010162896251,0.526578947368421,0.7253218884120172,2,train
h5://C:/Users/12200/project/Dategeneral/Newdatabase/rare_waves_scaled.h5|58,,0.01,2001,0.2485618,0.03581717265687892,0.022469483953757124,0.44961437391468007,0.02567022584122482,14.69,0.0565,1.8990504747626187,6.0621317615255,0.526578947368421,0.3948497854077253,2,train
h5://C:/Users/12200/project/Dategeneral/Newdatabase/rare_waves_scaled.h5|62,,0.01,2001,0.2514502,0.03877992081624038,0.02716634729053473,0.5435986092835999,0.030092683992862624,16.03,0.0415,0.8995502248875562,4.606144222502614,1.1116666666666666,0.5321888412017167,2,train
h5://C:/Users/12200/project/Dategeneral/Newdatabase/rare_waves_scaled.h5|66,,0.01,2001,0.2555936,0.03873104329670314,0.024406282588811595,0.48836971460212,0.030016875234170372,10.57,0.068,0.8995502248875562,5.395457896731047,1.1116666666666666,0.5021459227467812,2,train
h5://C:/Users/12200/project/Dategeneral/Newdatabase/rare_waves_scaled.h5|68,,0.01,2001,0.2582246910189927,0.04725937045437555,0.0326840109333083,0.6540070587754991,0.04469129639583555,10.86,0.0665,0.7496251874062968,6.5313010347503395,1.334,0.6909871244635193,2,train
h5://C:/Users/12200/project/Dategeneral/Newdatabase/rare_waves_scaled.h5|69,,0.01,2001,0.25880959184931845,0.035221403302414515,0.022461469303443754,0.4494540007619095,0.02482335048433264,9.91,0.0555,0.7996001999000499,5.152400056634586,1.250625,0.41630901287553645,2,train
h5://C:/Users/12200/project/Dategeneral/Newdatabase/rare_waves_scaled.h5|7,,0.01,2001,0.2068206,0.05290132446859366,0.03428283196177911,0.6859994675551999,0.055998988111933844,7.15,0.0475,1.5492253873063468,4.711102421758428,0.645483870967742,0.6695278969957081,2,train
h5://C:/Users/12200/project/Dategeneral/Newdatabase/rare_waves_scaled.h5|90,,0.01,2001,0.26803970598136534,0.058668535068166904,0.0388555978920735,0.7775005138203906,0.06887436011096504,9.33,0.028,0.8495752123938031,2.2025483385559887,1.1770588235294117,0.8111587982832618,2,train
h5://C:/Users/12200/project/Dategeneral/Newdatabase/rare_waves_scaled.h5|19,,0.01,2001,0.2185164,0.0549256723575106,0.04110392145359321,0.8224894682864001,0.06036675797333134,14.97,0.305,13.843078460769615,16.65606142886641,0.07223826714801444,0.7725321888412017,3,train
h5://C:/Users/12200/project/Dategeneral/Newdatabase/rare_waves_scaled.h5|106,,0.01,2001,0.2769159316234359,0.05231445090470311,0.03127705916476184,0.6258539538868844,0.05476340348694645,7.72,0.122,1.1494252873563218,9.002523311107277,0.8700000000000001,0.6995708154506438,4,train
h5://C:/Users/12200/project/Dategeneral/Newdatabase/rare_waves_scaled.h5|115,,0.01,2001,0.28052007567511633,0.05690637518584229,0.036383183389901916,0.7280274996319374,0.06479909409120486,9.91,0.094,1.4492753623188406,7.4697070498499025,0.69,0.776824034334764,4,train
h5://C:/Users/12200/project/Dategeneral/Newdatabase/rare_waves_scaled.h5|117,,0.01,2001,0.28232834873784,0.07144653798919881,0.050551924074865015,1.011544000738049,0.10214320189074698,13.27,0.0255,0.7996001999000499,3.6275895674180134,1.250625,0.9570815450643777,4,train
h5://C:/Users/12200/project/Dategeneral/Newdatabase/rare_waves_scaled.h5|129,,0.01,2001,0.28685473124759886,0.045708482712163136,0.030224045373203907,0.6047831479178102,0.0418062004908808,9.83,0.0915,1.299350324837581,8.233069231576488,0.7696153846153847,0.6824034334763949,4,train
h5://C:/Users/12200/project/Dategeneral/Newdatabase/rare_waves_scaled.h5|130,,0.01,2001,0.2869272370340473,0.051365309439352545,0.03139856089507207,0.6282852035103922,0.052794284226146806,7.48,0.0725,2.3988005997001496,7.145073543041796,0.41687500000000005,0.7081545064377682,4,train
h5://C:/Users/12200/project/Dategeneral/Newdatabase/rare_waves_scaled.h5|140,,0.01,2001,0.28967849086264147,0.06878320970715898,0.050917371245760845,1.0188565986276745,0.0946699100517564,19.0,0.0905,0.8995502248875562,8.833565293670926,1.1116666666666666,0.9613733905579399,4,train
h5://C:/Users/12200/project/Dategeneral/Newdatabase/rare_waves_scaled.h5|150,,0.01,2001,0.292569893303811,0.06485343115626778,0.04389626031481862,0.8783641688995206,0.0841614103301427,10.08,0.1515,4.847576211894053,9.84128042075278,0.20628865979381444,0.9012875536480687,4,train
h5://C:/Users/12200/project/Dategeneral/Newdatabase/rare_waves_scaled.h5|156,,0.01,2001,0.29385792837987906,0.05187503771091548,0.03454595110213304,0.6912644815536823,0.05384730094555314,12.59,0.0905,5.997001499250374,6.995690040035246,0.16675,0.759656652360515,4,train
h5://C:/Users/12200/project/Dategeneral/Newdatabase/rare_waves_scaled.h5|161,,0.01,2001,0.2950279207338269,0.05703974096480155,0.03545141972545718,0.7093829087063982,0.06510317630712653,7.7,0.1605,3.598200899550225,9.388241282673587,0.27791666666666665,0.7811158798283262,4,train
h5://C:/Users/12200/project/Dategeneral/Newdatabase/rare_waves_scaled.h5|163,,0.01,2001,0.2961620342725816,0.0639224245897391,0.04316679946444331,0.8637676572835106,0.08176238807227196,10.67,0.0605,0.8995502248875562,4.811981148731203,1.1116666666666666,0.8884120171673819,4,train
h5://C:/Users/12200/project/Dategeneral/Newdatabase/rare_waves_scaled.h5|166,,0.01,2001,0.2989436972254073,0.06720102303113927,0.04671288882607912,0.9347249054098432,0.09036470970359853,10.450000000000001,0.124,5.797101449275362,9.717348953622636,0.1725,0.9227467811158798,4,train
h5://C:/Users/12200/project/Dategeneral/Newdatabase/rare_waves_scaled.h5|172,,0.01,2001,0.3006014106883464,0.047843636607466475,0.03271526585686411,0.6546324697958508,0.04580316141218441,10.19,0.089,2.098950524737631,6.519855716826523,0.4764285714285715,0.7424892703862661,4,train
h5://C:/Users/12200/project/Dategeneral/Newdatabase/rare_waves_scaled.h5|179,,0.01,2001,0.3044670515536347,0.06534330834875941,0.04323059581969471,0.8650442223520912,0.08543765639868067,10.24,0.0665,1.4492753623188406,5.517697495133889,0.69,0.9055793991416309,4,train
h5://C:/Users/12200/project/Dategeneral/Newdatabase/rare_waves_scaled.h5|181,,0.01,2001,0.30535676089272046,0.05484626275382494,0.040242822490250706,0.8052588780299166,0.060192331886612715,13.81,0.101,0.9995002498750625,8.744157700598404,1.0005,0.8583690987124464,4,train
h5://C:/Users/12200/project/Dategeneral/Newdatabase/rare_waves_scaled.h5|182,,0.01,2001,0.30590754152402777,0.06524264296726072,0.04738379787074228,0.948149795393553,0.08517461525168261,13.040000000000001,0.0585,1.999000499750125,4.987695608903159,0.50025,0.9313304721030042,4,train
h5://C:/Users/12200/project/Dategeneral/Newdatabase/rare_waves_scaled.h5|183,,0.01,2001,0.30605565005223195,0.06584175579075453,0.0440056900638289,0.8805538581772163,0.08674608748024325,11.13,0.04,0.9495252373813093,3.299907610414878,1.053157894736842,0.9141630901287554,4,train
h5://C:/Users/12200/project/Dategeneral/Newdatabase/rare_waves_scaled.h5|205,,0.01,2001,0.3181600705397281,0.05180998845370548,0.03540861892634447,0.7085264647161529,0.05371234082049764,12.41,0.084,5.697151424287855,6.672914487341146,0.1755263157894737,0.7854077253218884,4,train
h5://C:/Users/12200/project/Dategeneral/Newdatabase/rare_waves_scaled.h5|209,,0.01,2001,0.320141315915681,0.057525113956583725,0.038848619753002384,0.7773608812575777,0.06621586610171605,10.620000000000001,0.087,2.098950524737631,10.42738500260493,0.4764285714285715,0.8626609442060086,4,train
h5://C:/Users/12200/project/Dategeneral/Newdatabase/rare_waves_scaled.h5|217,,0.01,2001,0.3263438231602962,0.05832029926956851,0.03494805222957823,0.6993105251138604,0.0680591587109096,10.870000000000001,0.1245,4.3478260869565215,10.628315330396314,0.23,0.8068669527896996,4,train
h5://C:/Users/12200/project/Dategeneral/Newdatabase/rare_waves_scaled.h5|221,,0.01,2001,0.3381413630862927,0.07095347092359047,0.043223463610088476,0.8649015068378704,0.10073824467245703,10.86,0.053,1.649175412293853,3.699740266978706,0.6063636363636364,0.927038626609442,4,train
h5://C:/Users/12200/project/Dategeneral/Newdatabase/rare_waves_scaled.h5|222,,0.01,2001,0.33862595075686225,0.05935263065425791,0.041224129003217105,0.8248948213543743,0.07048992265927093,12.21,0.0545,2.3488255872063966,4.691690396755959,0.4257446808510639,0.8927038626609443,4,train
h5://C:/Users/12200/project/Dategeneral/Newdatabase/rare_waves_scaled.h5|226,,0.01,2001,0.3419973762007016,0.06781549916809734,0.03498693394493201,0.7000885482380896,0.0920248279676384,4.79,0.064,1.4992503748125936,5.475055914110739,0.667,0.8497854077253219,4,train
h5://C:/Users/12200/project/Dategeneral/Newdatabase/rare_waves_scaled.h5|50,,0.01,2001,0.2421946,0.07057839973894946,0.05310820784284857,1.0626952389354,0.09967602329931591,15.07,0.027,0.7996001999000499,2.7339412390197966,1.250625,0.9484978540772532,4,train
h5://C:/Users/12200/project/Dategeneral/Newdatabase/rare_waves_scaled.h5|71,,0.01,2001,0.259860973835352,0.05712342540370857,0.04060032003394368,0.8124124038792131,0.06529434545435969,13.05,0.1075,2.7486256871564216,8.437767370310347,0.3638181818181818,0.8283261802575107,4,train
h5://C:/Users/12200/project/Dategeneral/Newdatabase/rare_waves_scaled.h5|75,,0.01,2001,0.26112272536842274,0.05590548644336961,0.03934478271772964,0.7872891021817701,0.06253972252354037,13.93,0.087,2.3488255872063966,8.122518690168658,0.4257446808510639,0.7896995708154506,4,train
h5://C:/Users/12200/project/Dategeneral/Newdatabase/rare_waves_scaled.h5|77,,0.01,2001,0.26137080985718975,0.050457657683272227,0.036400352240974,0.7283710483418898,0.050944964129834444,12.18,0.131,5.097451274362818,10.407811633236985,0.1961764705882353,0.7553648068669528,4,train
h5://C:/Users/12200/project/Dategeneral/Newdatabase/rare_waves_scaled.h5|78,,0.01,2001,0.26146329228750154,0.05357861094704809,0.03978399807130789,0.7960778014068709,0.057442057695812995,14.540000000000001,0.0875,2.3988005997001496,7.548484471269155,0.41687500000000005,0.7939914163090128,4,train
h5://C:/Users/12200/project/Dategeneral/Newdatabase/rare_waves_scaled.h5|82,,0.01,2001,0.2643156738747137,0.06438825825193202,0.04578535824687884,0.9161650185200456,0.08295841449235701,12.98,0.0715,1.299350324837581,5.297489763442928,0.7696153846153847,0.8969957081545065,4,train
h5://C:/Users/12200/project/Dategeneral/Newdatabase/rare_waves_scaled.h5|85,,0.01,2001,0.2668935141360893,0.0566134776314262,0.0390441707976502,0.7812738576609805,0.06413376784897513,11.24,0.148,2.1989005497251375,10.156659214102573,0.4547727272727273,0.8025751072961373,4,train
h5://C:/Users/12200/project/Dategeneral/Newdatabase/rare_waves_scaled.h5|86,,0.01,2001,0.267117539351773,0.07021402566075328,0.050413835035679117,1.0087808390639392,0.09864948808377332,13.39,0.085,2.548725637181409,6.767311152423756,0.3923529411764706,0.944206008583691,4,train
h5://C:/Users/12200/project/Dategeneral/Newdatabase/rare_waves_scaled.h5|88,,0.01,2001,0.26763150496595145,0.04981032912399124,0.03567850780184208,0.71392694111486,0.049646188437681,13.67,0.112,0.9995002498750625,7.57666801297126,1.0005,0.7510729613733905,4,train
h5://C:/Users/12200/project/Dategeneral/Newdatabase/rare_waves_scaled.h5|91,,0.01,2001,0.26833225000826894,0.06948206783613076,0.05261883819148455,1.052902952211606,0.09660343259320137,18.86,0.0395,1.1494252873563218,5.042492730032429,0.8700000000000001,0.9656652360515021,4,train
h5://C:/Users/12200/project/Dategeneral/Newdatabase/rare_waves_scaled.h5|94,,0.01,2001,0.27052725573039965,0.07030797763024385,0.04961713207615172,0.9928388128437959,0.09891366648628197,12.99,0.0585,1.1994002998500748,4.753518347540778,0.8337500000000001,0.9356223175965666,4,train
h5://C:/Users/12200/project/Dategeneral/Newdatabase/rare_waves_scaled.h5|97,,0.01,2001,0.2706345217220328,0.05987567056111523,0.0409930159788019,0.820270249735826,0.07173776946211545,14.33,0.055,1.4992503748125936,5.163697055895483,0.667,0.8412017167381974,4,train
h5://C:/Users/12200/project/Dategeneral/Newdatabase/rare_waves_scaled.h5|103,,0.01,2001,0.27354857153335965,0.03586035578406803,0.015072842137956658,0.30160757118051273,0.025732161990368426,3.3200000000000003,0.2065,5.747126436781609,13.351337156133312,0.17400000000000002,0.1759656652360515,5,train
h5://C:/Users/12200/project/Dategeneral/Newdatabase/rare_waves_scaled.h5|124,,0.01,2001,0.2836704310614201,0.037079573084157644,0.016615146801816714,0.33246908750435245,0.027511643749468795,3.5500000000000003,0.1675,10.844577711144428,11.169330999846881,0.09221198156682027,0.2532188841201717,5,train
h5://C:/Users/12200/project/Dategeneral/Newdatabase/rare_waves_scaled.h5|125,,0.01,2001,0.28388310197392164,0.033817930897201635,0.014150640754074155,0.28315432148902386,0.022884485527859776,2.92,0.2445,8.79560219890055,14.857470675804086,0.11369318181818182,0.15450643776824036,5,train
h5://C:/Users/12200/project/Dategeneral/Newdatabase/rare_waves_scaled.h5|157,,0.01,2001,0.29428450286046987,0.03134119532865086,0.015063261144569079,0.3014158555028273,0.01965523319781921,4.95,0.1705,2.948525737131434,12.021531794807283,0.3391525423728814,0.20600858369098712,5,train
h5://C:/Users/12200/project/Dategeneral/Newdatabase/rare_waves_scaled.h5|195,,0.01,2001,0.31250103289576797,0.03409662871660352,0.01574718976458443,0.3151012671893344,0.023263227597656623,3.46,0.1705,10.944527736131933,10.801596799683692,0.09136986301369864,0.26180257510729615,5,train
h5://C:/Users/12200/project/Dategeneral/Newdatabase/rare_waves_scaled.h5|225,,0.01,2001,0.3415214626586388,0.02852825027666245,0.009754114925672465,0.19517983966270602,0.0162853598875963,1.87,0.1895,5.997001499250374,10.563813870504566,0.16675,0.11158798283261803,5,train
h5://C:/Users/12200/project/Dategeneral/Newdatabase/rare_waves_scaled.h5|229,,0.01,2001,0.3540911273803575,0.03629999194855475,0.015188042870401371,0.30391273783673145,0.026366965203457444,2.25,0.2455,4.747626186906547,14.75128751358563,0.21063157894736842,0.3261802575107296,5,train
h5://C:/Users/12200/project/Dategeneral/Newdatabase/rare_waves_scaled.h5|44,,0.01,2001,0.2384144,0.022083666360315495,0.008833170669876062,0.17675174510422,0.009758643281473743,2.34,0.136,8.045977011494253,8.82386620109948,0.12428571428571428,0.02145922746781116,5,train
h5://C:/Users/12200/project/Dategeneral/Newdatabase/rare_waves_scaled.h5|99,,0.01,2001,0.271061488586966,0.0375188363386844,0.01599222080119744,0.3200043382319608,0.02816733823498179,2.99,0.2205,8.745627186406796,13.512331299787828,0.11434285714285715,0.2145922746781116,5,train
h5://C:/Users/12200/project/Dategeneral/Newdatabase/rare_waves_scaled.h5|187,,0.01,2001,0.3085600197636837,0.05121922369315272,0.03771835801143003,0.7547443438087149,0.05249441160334162,13.38,0.1525,0.39980009995002497,9.978645656328968,2.50125,0.8197424892703863,6,train
h5://C:/Users/12200/project/Dategeneral/Newdatabase/rare_waves_scaled.h5|23,,0.01,2001,0.2200218,0.060271092775709086,0.04682917686612494,0.93705182909116,0.07268841853380643,17.21,0.1015,0.2998500749625187,10.459435500486478,3.3350000000000004,0.871244635193133,6,train
h5://C:/Users/12200/project/Dategeneral/Newdatabase/rare_waves_scaled.h5|65,,0.01,2001,0.2541656,0.06792836691536236,0.05330214338883858,1.06657588921066,0.0923314032660798,14.64,0.0895,0.34982508745627183,9.23648249316629,2.858571428571429,0.9527896995708155,6,train
h5://C:/Users/12200/project/Dategeneral/Newdatabase/rare_waves_scaled.h5|1,,0.01,2001,0.20161319504480898,0.027416817261808082,0.017171277832638714,0.3435972694311007,0.015041154194035226,7.43,0.0735,1.5992003998000999,8.035353989716535,0.6253125,0.11587982832618025,7,train
h5://C:/Users/12200/project/Dategeneral/Newdatabase/rare_waves_scaled.h5|10,,0.01,2001,0.2094306,0.02783298677361888,0.015291638712649673,0.30598569064012,0.015501249806336277,5.55,0.163,1.5992003998000999,8.418875536284132,0.6253125,0.08583690987124463,7,train
h5://C:/Users/12200/project/Dategeneral/Newdatabase/rare_waves_scaled.h5|12,,0.01,2001,0.2108492,0.047926565410914855,0.03444882888742329,0.68932106603734,0.04596208299845488,11.89,0.0765,3.8980509745127434,6.100466375449456,0.25653846153846155,0.6609442060085837,7,train
h5://C:/Users/12200/project/Dategeneral/Newdatabase/rare_waves_scaled.h5|13,,0.01,2001,0.2115556,0.0329460714817795,0.020068162199830087,0.40156392561860005,0.021719726957911318,7.930000000000001,0.047,1.4992503748125936,4.799096721706137,0.667,0.22746781115879827,7,train
h5://C:/Users/12200/project/Dategeneral/Newdatabase/rare_waves_scaled.h5|15,,0.01,2001,0.213863,0.045737698774042435,0.032627753861749126,0.6528813547736,0.041859661153792305,13.76,0.086,4.997501249375312,6.1671659906942145,0.2001,0.6351931330472103,7,train
h5://C:/Users/12200/project/Dategeneral/Newdatabase/rare_waves_scaled.h5|18,,0.01,2001,0.2180204,0.02951192507914214,0.017119123023168415,0.34255365169359997,0.017427783974756743,11.92,0.076,4.397801099450275,6.0117924621936165,0.22738636363636364,0.13733905579399142,7,train
h5://C:/Users/12200/project/Dategeneral/Newdatabase/rare_waves_scaled.h5|2,,0.01,2001,0.2031182,0.03580669458462623,0.020022834477269366,0.40065691789016,0.025655208735304795,7.97,0.094,3.748125937031484,7.543297772419347,0.26680000000000004,0.21888412017167383,7,train
h5://C:/Users/12200/project/Dategeneral/Newdatabase/rare_waves_scaled.h5|21,,0.01,2001,0.219224,0.04202815222329542,0.02801911887369415,0.56066256866262,0.03534497524188288,12.540000000000001,0.082,1.3493253373313343,7.629771990577838,0.7411111111111112,0.5278969957081545,7,train
h5://C:/Users/12200/project/Dategeneral/Newdatabase/rare_waves_scaled.h5|22,,0.01,2001,0.2199426,0.019841079273196664,0.00955938838582009,0.19128336160026,0.007877305218772737,4.8100000000000005,0.0805,5.847076461769115,8.444534881559322,0.17102564102564105,0.017167381974248927,7,train
h5://C:/Users/12200/project/Dategeneral/Newdatabase/rare_waves_scaled.h5|26,,0.01,2001,0.221789,0.030329416876845827,0.01699461938567816,0.34006233390741997,0.018406669297070903,6.45,0.1035,4.197901049475262,7.870449745480445,0.23821428571428574,0.14163090128755365,7,train
h5://C:/Users/12200/project/Dategeneral/Newdatabase/rare_waves_scaled.h5|28,,0.01,2001,0.2225236,0.03758828983705715,0.024513526072154925,0.4905156567038201,0.028271719452821024,10.97,0.0625,1.5492253873063468,5.13728338332752,0.645483870967742,0.4334763948497854,7,train
h5://C:/Users/12200/project/Dategeneral/Newdatabase/rare_waves_scaled.h5|3,,0.01,2001,0.2034687902136881,0.01663886850452361,0.005179970391013321,0.10365120752417654,0.005539807421667663,1.36,0.0815,2.1989005497251375,5.699246291117837,0.4547727272727273,0.004291845493562232,7,train
h5://C:/Users/12200/project/Dategeneral/Newdatabase/rare_waves_scaled.h5|30,,0.01,2001,0.2239074,0.038362136192694504,0.024777136303683986,0.49579049743671655,0.0294477864002695,9.53,0.063,2.1989005497251375,4.633073130312465,0.4547727272727273,0.45064377682403434,7,train
h5://C:/Users/12200/project/Dategeneral/Newdatabase/rare_waves_scaled.h5|32,,0.01,2001,0.2256254,0.03643243118056021,0.019980717757565856,0.39981416232889283,0.026559714054942375,8.11,0.074,3.648175912043978,6.9210797844308205,0.2741095890410959,0.2575107296137339,7,train
h5://C:/Users/12200/project/Dategeneral/Newdatabase/rare_waves_scaled.h5|33,,0.01,2001,0.2262396,0.02723595103012521,0.016548698337231382,0.33113945372799997,0.014843358540592723,8.48,0.1345,6.746626686656671,9.909740026626137,0.14822222222222223,0.13304721030042918,7,train
h5://C:/Users/12200/project/Dategeneral/Newdatabase/rare_waves_scaled.h5|34,,0.01,2001,0.2263678,0.02737399884659307,0.013281460721608195,0.26576202903938,0.014994209615194107,4.2700000000000005,0.096,4.0479760119940025,5.99154965248739,0.24703703703703708,0.060085836909871244,7,train
h5://C:/Users/12200/project/Dategeneral/Newdatabase/rare_waves_scaled.h5|35,,0.01,2001,0.227624,0.023584355924584285,0.011031078349537229,0.22073187777423997,0.011129999105993252,6.13,0.0875,4.997501249375312,6.9158832508110155,0.2001,0.03862660944206009,7,train
h5://C:/Users/12200/project/Dategeneral/Newdatabase/rare_waves_scaled.h5|38,,0.01,2001,0.2314756,0.03959714852003429,0.024287475027236383,0.485992375295,0.03137436276006226,6.99,0.062,2.3988005997001496,8.175711145008483,0.41687500000000005,0.4592274678111588,7,train
h5://C:/Users/12200/project/Dategeneral/Newdatabase/rare_waves_scaled.h5|39,,0.01,2001,0.2332686,0.03195529094735664,0.016701921151437284,0.33420544224026005,0.020433023796799565,5.71,0.137,4.997501249375312,10.129338105231314,0.2001,0.1459227467811159,7,train
h5://C:/Users/12200/project/Dategeneral/Newdatabase/rare_waves_scaled.h5|40,,0.01,2001,0.234742,0.04304846758754338,0.030256509754756623,0.60543276019268,0.037081942938331815,14.77,0.106,7.396301849075462,5.688217273578526,0.1352027027027027,0.5965665236051502,7,train
h5://C:/Users/12200/project/Dategeneral/Newdatabase/rare_waves_scaled.h5|41,,0.01,2001,0.23563376,0.020764865658069512,0.008159057539223089,0.163262741359854,0.008627904712411469,2.29,0.0895,3.648175912043978,7.1206381303636235,0.2741095890410959,0.012875536480686695,7,train
h5://C:/Users/12200/project/Dategeneral/Newdatabase/rare_waves_scaled.h5|43,,0.01,2001,0.2383074,0.027774701020592242,0.017360294335466066,0.347379489652676,0.015436394675833584,13.11,0.0865,3.698150924537731,7.113198171751012,0.2704054054054054,0.15879828326180256,7,train
h5://C:/Users/12200/project/Dategeneral/Newdatabase/rare_waves_scaled.h5|45,,0.01,2001,0.23863606,0.0202270721389326,0.009433108989533244,0.18875651088056022,0.008186780290744804,4.55,0.079,2.048975512243878,8.219061847093956,0.4880487804878049,0.030042918454935622,7,train
h5://C:/Users/12200/project/Dategeneral/Newdatabase/rare_waves_scaled.h5|49,,0.01,2001,0.2409538,0.03561342757825777,0.02226625666930335,0.44554779595276006,0.025379007639674944,8.76,0.1085,5.597201399300349,9.133392797631437,0.1786607142857143,0.3648068669527897,7,train
h5://C:/Users/12200/project/Dategeneral/Newdatabase/rare_waves_scaled.h5|5,,0.01,2001,0.2058328,0.02915592573709225,0.013533902456110344,0.270813388146768,0.017009860791792637,3.79,0.107,3.9480259870064964,5.879946350755422,0.25329113924050634,0.05150214592274678,7,train
h5://C:/Users/12200/project/Dategeneral/Newdatabase/rare_waves_scaled.h5|52,,0.01,2001,0.24571446,0.023030435748012185,0.010693067939388507,0.213968289467164,0.010613323424573785,3.94,0.0735,2.998500749625187,6.981706087944007,0.3335,0.04291845493562232,7,train
h5://C:/Users/12200/project/Dategeneral/Newdatabase/rare_waves_scaled.h5|54,,0.01,2001,0.2470366,0.03598727901844552,0.019442397410612693,0.38904237218636,0.0259146358655405,8.63,0.076,5.197401299350324,7.18071523591739,0.19240384615384618,0.27896995708154504,7,train
h5://C:/Users/12200/project/Dategeneral/Newdatabase/rare_waves_scaled.h5|56,,0.01,2001,0.2478856,0.03418372395399216,0.020926855049875064,0.41874636954800004,0.02338222493708838,9.26,0.0815,1.0994502748625687,6.657832486989604,0.9095454545454545,0.3218884120171674,7,train
h5://C:/Users/12200/project/Dategeneral/Newdatabase/rare_waves_scaled.h5|57,,0.01,2001,0.248271,0.0456172869825706,0.03070552135287057,0.6144174822709401,0.04163954680172061,9.99,0.147,1.3993003498250873,9.23727660676959,0.7146428571428572,0.6394849785407726,7,train
h5://C:/Users/12200/project/Dategeneral/Newdatabase/rare_waves_scaled.h5|6,,0.01,2001,0.2066734,0.032450336527020104,0.0193829606549945,0.38785304270644,0.021071017057744276,7.92,0.092,2.3488255872063966,7.423423838617413,0.4257446808510639,0.18454935622317598,7,train
h5://C:/Users/12200/project/Dategeneral/Newdatabase/rare_waves_scaled.h5|70,,0.01,2001,0.2592691912690541,0.037205474058998295,0.023254026083019547,0.4653130619212212,0.027698788472095448,8.86,0.096,1.7991004497751124,6.538313521947075,0.5558333333333333,0.4678111587982833,7,train
h5://C:/Users/12200/project/Dategeneral/Newdatabase/rare_waves_scaled.h5|79,,0.01,2001,0.2615744491616085,0.04336271656631104,0.026615497158207872,0.5325760981357395,0.03762530701208462,7.68,0.0855,2.6986506746626686,6.6353528567171995,0.3705555555555556,0.5579399141630901,7,train
h5://C:/Users/12200/project/Dategeneral/Newdatabase/rare_waves_scaled.h5|8,,0.01,2001,0.206904,0.020186216746039803,0.010499269984782308,0.21009039239549399,0.008153741763827136,5.42,0.081,2.8485757121439277,8.667530415551447,0.3510526315789474,0.02575107296137339,7,train
h5://C:/Users/12200/project/Dategeneral/Newdatabase/rare_waves_scaled.h5|84,,0.01,2001,0.2662914193389292,0.039954310183657124,0.02319145477868251,0.4640610101214371,0.03194290151406027,7.95,0.0825,2.8485757121439277,6.588041665778888,0.3510526315789474,0.48497854077253216,7,train
h5://C:/Users/12200/project/Dategeneral/Newdatabase/rare_waves_scaled.h5|87,,0.01,2001,0.2673892302143862,0.026191245933164624,0.01260517964010137,0.25222964459842845,0.013726487084265564,5.41,0.073,1.249375312343828,7.375423915725383,0.8004,0.0944206008583691,7,train
h5://C:/Users/12200/project/Dategeneral/Newdatabase/rare_waves_scaled.h5|9,,0.01,2001,0.2087536,0.031628103054220744,0.019386372485616192,0.38792131343718,0.020016741425196237,9.19,0.0895,1.0994502748625687,6.76736836128556,0.9095454545454545,0.1888412017167382,7,train
h5://C:/Users/12200/project/Dategeneral/Newdatabase/rare_waves_scaled.h5|95,,0.01,2001,0.27061651466499415,0.03259310470375629,0.019692198956386787,0.39404090111729956,0.02125683258934271,9.86,0.062,2.3488255872063966,5.2797519597310645,0.4257446808510639,0.31759656652360513,7,train
h5://C:/Users/12200/project/Dategeneral/Newdatabase/rare_waves_scaled.h5|98,,0.01,2001,0.27096894798053867,0.037738185487417635,0.02471079849429557,0.4944630778708543,0.028497654584093608,10.73,0.0885,2.148925537231384,5.488091153995046,0.46534883720930237,0.5150214592274678,7,train
h5://C:/Users/12200/project/Dategeneral/Newdatabase/rare_waves_scaled.h5|169,,0.01,2001,0.2998685661204493,0.0839651274775213,0.06056751434077663,1.2119559619589404,0.1410733540726512,13.620000000000001,0.0855,0.4497751124437781,7.390598358843479,2.223333333333333,0.9742489270386266,0,val
h5://C:/Users/12200/project/Dategeneral/Newdatabase/rare_waves_scaled.h5|121,,0.01,2001,0.2827425189922411,0.03465322783882343,0.020464883519024306,0.40950231921567637,0.024028932454984636,8.22,0.0955,3.698150924537731,6.9829393084254,0.2704054054054054,0.38626609442060084,1,val
h5://C:/Users/12200/project/Dategeneral/Newdatabase/rare_waves_scaled.h5|133,,0.01,2001,0.2874581725907771,0.038548690841833363,0.023473943770258836,0.4697136148428793,0.02973489132804114,7.72,0.0945,2.7486256871564216,6.874073625657335,0.3638181818181818,0.5064377682403434,1,val
h5://C:/Users/12200/project/Dategeneral/Newdatabase/rare_waves_scaled.h5|147,,0.01,2001,0.2918448110825831,0.052642919535870324,0.02765622024138208,0.5534009670300555,0.05545325231497495,4.7700000000000005,0.108,1.8990504747626187,9.264281346075583,0.526578947368421,0.6566523605150214,1,val
h5://C:/Users/12200/project/Dategeneral/Newdatabase/rare_waves_scaled.h5|151,,0.01,2001,0.2929633587757918,0.03980447103709965,0.017322044062469136,0.3466141016900074,0.031703762250011536,3.31,0.1315,5.497251374312843,8.087064746601694,0.1819090909090909,0.296137339055794,1,val
h5://C:/Users/12200/project/Dategeneral/Newdatabase/rare_waves_scaled.h5|152,,0.01,2001,0.2931500443863874,0.04297702425489655,0.02171498807719368,0.43451691142464555,0.036958962522257395,4.12,0.095,2.948525737131434,6.059961793516025,0.3391525423728814,0.4978540772532189,1,val
h5://C:/Users/12200/project/Dategeneral/Newdatabase/rare_waves_scaled.h5|165,,0.01,2001,0.2989295049829418,0.03378081665709261,0.017783947271040254,0.3558567848935155,0.02283428291614231,5.13,0.113,6.296851574212893,8.733314436773439,0.15880952380952382,0.30472103004291845,1,val
h5://C:/Users/12200/project/Dategeneral/Newdatabase/rare_waves_scaled.h5|180,,0.01,2001,0.3050266939106003,0.03624589525540001,0.019488244689899643,0.38995977624489186,0.026288436106537225,5.75,0.073,1.649175412293853,7.242734125657951,0.6063636363636364,0.4034334763948498,1,val
h5://C:/Users/12200/project/Dategeneral/Newdatabase/rare_waves_scaled.h5|188,,0.01,2001,0.30953866319981643,0.03029103270717698,0.013637208105710848,0.272880534195274,0.018360108715969985,3.73,0.1415,2.998500749625187,9.394853599288647,0.3335,0.17167381974248927,1,val
h5://C:/Users/12200/project/Dategeneral/Newdatabase/rare_waves_scaled.h5|198,,0.01,2001,0.3128824063997796,0.03555650926493871,0.017831862916476957,0.3568155769587039,0.025297949675664518,4.7700000000000005,0.083,2.2988505747126435,5.088517584238533,0.43500000000000005,0.34763948497854075,1,val
h5://C:/Users/12200/project/Dategeneral/Newdatabase/rare_waves_scaled.h5|216,,0.01,2001,0.32571291258060087,0.04368432191812493,0.023989787625177166,0.48003565037979506,0.038185482828741873,6.92,0.097,2.048975512243878,7.282996475594413,0.4880487804878049,0.5836909871244635,1,val
h5://C:/Users/12200/project/Dategeneral/Newdatabase/rare_waves_scaled.h5|89,,0.01,2001,0.2679558521764285,0.03173142214133276,0.016272643257119246,0.32561559157495606,0.020147731853740376,4.22,0.096,4.197901049475262,7.578232035141153,0.23821428571428574,0.19742489270386265,1,val
h5://C:/Users/12200/project/Dategeneral/Newdatabase/rare_waves_scaled.h5|164,,0.01,2001,0.29651123707745997,0.03380826069294962,0.020665171706673827,0.41351008585054333,0.022871399806559677,14.8,0.0475,3.748125937031484,4.066886540749516,0.26680000000000004,0.43776824034334766,2,val
h5://C:/Users/12200/project/Dategeneral/Newdatabase/rare_waves_scaled.h5|201,,0.01,2001,0.314097333391849,0.03492642603673396,0.01812799465058391,0.3627411729581841,0.02440930326634595,8.47,0.0385,0.6996501749125437,4.1982185885753625,1.4292857142857145,0.3605150214592275,2,val
h5://C:/Users/12200/project/Dategeneral/Newdatabase/rare_waves_scaled.h5|63,,0.01,2001,0.253883,0.05604145148217309,0.043619559171684155,0.8728273790254,0.0628442921274175,15.09,0.0325,0.5497251374312844,3.895519919110597,1.819090909090909,0.8540772532188842,2,val
h5://C:/Users/12200/project/Dategeneral/Newdatabase/rare_waves_scaled.h5|74,,0.01,2001,0.2608330304861884,0.04812724704167003,0.03524628745253371,0.7052782119251997,0.046347800475276826,17.37,0.0475,0.5497251374312844,3.8875055519560444,1.819090909090909,0.7381974248927039,2,val
h5://C:/Users/12200/project/Dategeneral/Newdatabase/rare_waves_scaled.h5|93,,0.01,2001,0.2701844753598852,0.04119791975146621,0.02011796709975986,0.4025605216661948,0.03396234452288348,4.83,0.0415,0.6496751624187905,4.136193654394156,1.5392307692307694,0.36909871244635195,2,val
h5://C:/Users/12200/project/Dategeneral/Newdatabase/rare_waves_scaled.h5|101,,0.01,2001,0.2723055614087551,0.05619888184612095,0.04026833583767234,0.8057694001118234,0.06319786955829279,14.05,0.1065,1.649175412293853,6.750235761498786,0.6063636363636364,0.8326180257510729,4,val
h5://C:/Users/12200/project/Dategeneral/Newdatabase/rare_waves_scaled.h5|184,,0.01,2001,0.3062621443453532,0.06246272622210065,0.04403749581752525,0.8811902913086803,0.07807085926361297,12.38,0.0625,1.4992503748125936,4.715564541479352,0.667,0.9098712446351931,4,val
h5://C:/Users/12200/project/Dategeneral/Newdatabase/rare_waves_scaled.h5|203,,0.01,2001,0.316616084708083,0.04706922323219199,0.03161832126215644,0.6326826084557504,0.044332390631395255,11.59,0.0835,1.9490254872563717,6.2056731233928675,0.5130769230769231,0.7339055793991416,4,val
h5://C:/Users/12200/project/Dategeneral/Newdatabase/rare_waves_scaled.h5|213,,0.01,2001,0.32332204972701106,0.062687862080531,0.04114903851490867,0.8233922606833225,0.0786346587250758,9.91,0.061,0.9995002498750625,4.283776787492788,1.0005,0.8841201716738197,4,val
h5://C:/Users/12200/project/Dategeneral/Newdatabase/rare_waves_scaled.h5|42,,0.01,2001,0.2359144,0.05739139835572685,0.04292023232131934,0.8588338487496,0.06590838983056678,14.040000000000001,0.075,0.5997001499250374,7.124970174475306,1.6675000000000002,0.8369098712446352,4,val
h5://C:/Users/12200/project/Dategeneral/Newdatabase/rare_waves_scaled.h5|64,,0.01,2001,0.253984,0.06145733929615593,0.044283917196015994,0.8861211830922802,0.07557786111279029,14.89,0.03,1.1994002998500748,3.028585492428831,0.8337500000000001,0.8755364806866953,4,val
h5://C:/Users/12200/project/Dategeneral/Newdatabase/rare_waves_scaled.h5|73,,0.01,2001,0.2605854580868358,0.05011480848898676,0.0339143289819432,0.6786257229286835,0.05025499553805526,11.67,0.1045,7.04647676161919,6.06868355075686,0.14191489361702128,0.7167381974248928,4,val
h5://C:/Users/12200/project/Dategeneral/Newdatabase/rare_waves_scaled.h5|142,,0.01,2001,0.2903020156289106,0.03639003657225358,0.017063208886116676,0.3414348098111947,0.026497937582216358,3.21,0.1605,11.494252873563218,11.061015791769577,0.08700000000000001,0.27467811158798283,5,val
h5://C:/Users/12200/project/Dategeneral/Newdatabase/rare_waves_scaled.h5|29,,0.01,2001,0.2225408,0.03554047351626677,0.020808441014017992,0.4163769046905,0.025275136407786798,6.49,0.1895,8.145927036481758,12.355375051160992,0.12276073619631903,0.2703862660944206,5,val
h5://C:/Users/12200/project/Dategeneral/Newdatabase/rare_waves_scaled.h5|48,,0.01,2001,0.2398186,0.06965286804391202,0.05257339753494753,1.0519936846743,0.09707895575511984,15.02,0.0555,0.24987506246876562,6.31040901374849,4.002,0.9399141630901288,6,val
h5://C:/Users/12200/project/Dategeneral/Newdatabase/rare_waves_scaled.h5|20,,0.01,2001,0.2186934,0.030627873737905535,0.018244379945157423,0.3650700427026001,0.018770713660598723,8.91,0.1205,8.895552223888055,9.01931412576195,0.11241573033707866,0.16738197424892703,7,val
h5://C:/Users/12200/project/Dategeneral/Newdatabase/rare_waves_scaled.h5|24,,0.01,2001,0.2204776,0.04013783210794185,0.022669417914928536,0.45361505247772005,0.032237021782169806,6.6000000000000005,0.0655,2.598700649675162,5.709934185518937,0.38480769230769235,0.3562231759656652,7,val
h5://C:/Users/12200/project/Dategeneral/Newdatabase/rare_waves_scaled.h5|36,,0.01,2001,0.2294406,0.03604486677481621,0.02328344097334233,0.46590165387658006,0.02599764074049314,9.42,0.0625,1.5992003998000999,5.234579422696927,0.6253125,0.38197424892703863,7,val
h5://C:/Users/12200/project/Dategeneral/Newdatabase/rare_waves_scaled.h5|46,,0.01,2001,0.2387494,0.03430312853933954,0.020666737241799103,0.41354141220840007,0.02354585959800488,6.82,0.065,2.3988005997001496,8.84122343829469,0.41687500000000005,0.2918454935622318,7,val
h5://C:/Users/12200/project/Dategeneral/Newdatabase/rare_waves_scaled.h5|59,,0.01,2001,0.249714,0.04149817927533056,0.027619968272653676,0.5526755651358001,0.034459198652181174,10.27,0.1385,1.3993003498250873,8.943056275651015,0.7146428571428572,0.5622317596566524,7,val
h5://C:/Users/12200/project/Dategeneral/Newdatabase/rare_waves_scaled.h5|60,,0.01,2001,0.24991594,0.033226586700312456,0.01727279610645177,0.34562865009009996,0.022091161335705142,4.91,0.0875,2.2488755622188905,6.833356526462556,0.44466666666666665,0.21030042918454936,7,val
h5://C:/Users/12200/project/Dategeneral/Newdatabase/rare_waves_scaled.h5|61,,0.01,2001,0.25141236,0.024860793737517654,0.009105486313936232,0.182200781141864,0.012367361895840534,1.58,0.1005,3.0984507746126937,7.176708368959956,0.322741935483871,0.034334763948497854,7,val
h5://C:/Users/12200/project/Dategeneral/Newdatabase/rare_waves_scaled.h5|67,,0.01,2001,0.2569278,0.02958119619160832,0.018423742320795702,0.368659083839122,0.017509693834209715,13.58,0.0805,4.697651174412793,6.908525090004208,0.21287234042553194,0.24034334763948498,7,val
