file_name,pga,scale_factor,effective_pga,rms,mean_abs,cav,arias_proxy,duration_5_95,zero_crossing_rate,dominant_freq,spectral_centroid,predominant_period
RSN93_SFERN_WND143.txt,0.1012071,1.9810590701241744,0.2004972434159643,0.0192762966769995,0.0137429269612708,0.27499596849503,0.0074352280277298,13.12,0.078,0.2498750624687656,5.459152659782991,4.002
RSN152_COYOTELK_SJ3067.txt,0.1015253,1.9858419038880852,0.201613195044809,0.0138061429805306,0.0086468503857326,0.17302347621851,0.003814097775817,7.43,0.0735,1.5992003998001,8.035353989716521,0.6253125
RSN400_COALINGA_C-OLP360.txt,0.1015591,2.0,0.2031182,0.0179033472923131,0.0100114172386346,0.20032845894508,0.0064138021838261,7.97,0.094,3.748125937031484,7.543297772419337,0.2668
RSN21409_51207740_CBRHNE.txt,0.10184417,1.9978442576898423,0.2034687902136881,0.0083284112064688,0.0025927798781487,0.0518815253617572,0.0013879422888129,1.36,0.0815,2.198900549725137,5.699246291117821,0.4547727272727273
RSN601_WHITTIER.A_A-BRL040.txt,0.1021242,2.0,0.2042484,0.0190038084591113,0.0127388732175607,0.25490485308339,0.0072265061663713,11.58,0.1005,4.697651174412793,7.085752696424415,0.2128723404255319
RSN4362_UBMARCHE.P_E-AAL018.txt,0.1029164,2.0,0.2058328,0.0145779628685461,0.0067669512280551,0.135406694073384,0.0042524651979481,3.79,0.107,3.948025987006496,5.879946350755411,0.2532911392405063
RSN318_WESMORL_SUP135.txt,0.1033367,2.0,0.2066734,0.01622516826351,0.0096914803274972,0.19392652135322,0.005267754264436,7.92,0.092,2.348825587206397,7.423423838617402,0.4257446808510639
RSN814_GREECE_L-EDE-NS.txt,0.1034103,2.0,0.2068206,0.0264506622342968,0.0171414159808895,0.3429997337775999,0.0139997470279834,7.15,0.0475,1.5492253873063468,4.71110242175842,0.645483870967742
RSN4258_ANCONA.P_N-ANP000.txt,0.103452,2.0,0.206904,0.0100931083730199,0.0052496349923911,0.1050451961977469,0.0020384354409567,5.42,0.081,2.848575712143928,8.667530415551425,0.3510526315789474
RSN804_LOMAP_SSF205.txt,0.1043768,2.0,0.2087536,0.0158140515271103,0.009693186242808,0.19396065671859,0.005004185356299,9.19,0.0895,1.0994502748625687,6.767368361285548,0.9095454545454544
RSN512_PALMSPR_ATL270.txt,0.1047153,2.0,0.2094306,0.0139164933868094,0.0076458193563248,0.15299284532006,0.003875312451584,5.55,0.163,1.5992003998001,8.418875536284116,0.6253125
RSN357_COALINGA.H_H-SC3090.txt,0.1053828,2.0,0.2107656,0.0200065425416776,0.0134673403877711,0.2694814811593,0.0080092375068838,9.53,0.109,2.2488755622188905,6.454366249123071,0.4446666666666666
RSN726_SUPER.B_B-WLF225.txt,0.1054246,2.0,0.2108492,0.0239632827054574,0.0172244144437116,0.34466053301867,0.0114905207496137,11.89,0.0765,3.898050974512744,6.100466375449449,0.2565384615384615
RSN4276_FRIULI.P_W-BUI090.txt,0.1057778,2.0,0.2115556,0.0164730357408897,0.010034081099915,0.2007819628093,0.0054299317394778,7.930000000000001,0.047,1.4992503748125936,4.799096721706128,0.667
RSN154_COYOTELK_SJB303.txt,0.1057825,2.0,0.211565,0.0176818732143639,0.0126526425717441,0.2531793778606,0.0062560992937805,13.75,0.0585,1.7491254372813592,4.531852973287035,0.5717142857142857
RSN93_SFERN_WND233.txt,0.1069315,2.0,0.213863,0.0228688493870212,0.0163138769308745,0.3264406773868,0.010464915288448,13.76,0.086,4.997501249375312,6.167165990694207,0.2001
RSN11_NWCALIF.AB_B-FRN224.txt,0.1079793,2.0,0.2159586,0.0166458266774004,0.0112922013498895,0.22595694901129,0.0055444417509388,12.63,0.064,2.2988505747126435,5.377639190411462,0.435
RSN34_NCALIF.AG_C-FRN314.txt,0.108227,2.0,0.216454,0.0146745335736258,0.009009310340867,0.18027629992075,0.0043089921314255,11.09,0.0455,1.399300349825087,5.234057016091488,0.7146428571428572
RSN559_CHALFANT.B_C-LAD270.txt,0.1090102,2.0,0.2180204,0.014755962539571,0.0085595615115842,0.1712768258467999,0.0043569459936891,11.92,0.076,4.397801099450275,6.011792462193605,0.2273863636363636
RSN4037_BAM_ABAR-T.txt,0.1092582,2.0,0.2185164,0.0274628361787553,0.0205519607267966,0.4112447341432,0.0150916894933328,14.97,0.305,13.843078460769616,16.656061428866398,0.0722382671480144
RSN561_CHALFANT.B_C-ZAK360.txt,0.1093467,2.0,0.2186934,0.0153139368689527,0.0091221899725787,0.1825350213513,0.0046926784151496,8.91,0.1205,8.895552223888055,9.019314125761936,0.1124157303370786
RSN246_MAMMOTH.L_L-BEN270.txt,0.109612,2.0,0.219224,0.0210140761116477,0.014009559436847,0.28033128433131,0.0088362438104707,12.54,0.082,1.3493253373313343,7.629771990577829,0.7411111111111112
RSN4258_ANCONA.P_N-ANP090.txt,0.1099713,2.0,0.2199426,0.0099205396365983,0.00477969419291,0.09564168080013,0.0019693263046931,4.8100000000000005,0.0805,5.847076461769115,8.444534881559301,0.171025641025641
RSN5803_IWATE_55445EW.txt,0.1100109,2.0,0.2200218,0.0301355463878545,0.0234145884330624,0.46852591454558,0.0181721046334516,17.21,0.1015,0.2998500749625187,10.45943550048647,3.3350000000000004
RSN245_MAMMOTH.K_K-LUL000.txt,0.1102388,2.0,0.2204776,0.0200689160539709,0.0113347089574642,0.22680752623886,0.0080592554455424,6.6000000000000005,0.0655,2.598700649675162,5.709934185518926,0.3848076923076923
RSN130_FRIULI.B_B-BUI000.txt,0.1102657,2.0,0.2205314,0.0223237677572752,0.0137954556868985,0.27604706829484,0.009971995643684,8.11,0.053,0.6496751624187905,5.271321732799773,1.5392307692307694
RSN237_MAMMOTH.AH_A-LVD000.txt,0.1108945,2.0,0.221789,0.0151647084384229,0.008497309692839,0.1700311669537099,0.0046016673242677,6.45,0.1035,4.197901049475262,7.870449745480432,0.2382142857142857
RSN719_SUPER.B_B-BRA315.txt,0.1112305,2.0,0.222461,0.0286568559318846,0.0214563538131754,0.42934163980164,0.0164325199919348,14.3,0.1275,0.8995502248875562,7.541653477218908,1.1116666666666666
RSN11_NWCALIF.AB_B-FRN314.txt,0.1112618,2.0,0.2225236,0.0187941449185285,0.0122567630360774,0.24525782835191,0.0070679298632052,10.97,0.0625,1.5492253873063468,5.137283383327512,0.645483870967742
RSN247_MAMMOTH.L_L-BPL160.txt,0.1112704,2.0,0.2225408,0.0177702367581333,0.0104042205070089,0.20818845234525,0.0063187841019466,6.49,0.1895,8.145927036481758,12.355375051160978,0.122760736196319
RSN154_COYOTELK_SJB213.txt,0.1119537,2.0,0.2239074,0.0191810680963472,0.0123885681518419,0.2478952487183582,0.0073619466000673,9.53,0.063,2.198900549725137,4.633073130312458,0.4547727272727273
RSN502_MTLEWIS_HVR000.txt,0.1122821,2.0,0.2245642,0.018343381989416,0.0111350686689875,0.22281272406644,0.0067329580528207,7.36,0.0515,0.8995502248875562,4.95713191342766,1.1116666666666666
RSN414_COALINGA_D-CSU090.txt,0.1128127,2.0,0.2256254,0.0182162155902801,0.0099903588787829,0.1999070811644464,0.0066399285137355,8.11,0.074,3.648175912043978,6.921079784430811,0.2741095890410959
RSN454_MORGAN_GIL067.txt,0.1131198,2.0,0.2262396,0.0136179755150626,0.0082743491686156,0.1655697268639999,0.0037108396351481,8.48,0.1345,6.746626686656671,9.909740026626125,0.1482222222222222
RSN4335_UBMARCHE.P_B-AAL018.txt,0.1131839,2.0,0.2263678,0.0136869994232965,0.006640730360804,0.13288101451969,0.0037485524037985,4.2700000000000005,0.096,4.0479760119940025,5.991549652487378,0.247037037037037
RSN416_COALINGA_E-CHP000.txt,0.113812,2.0,0.227624,0.0117921779622921,0.0055155391747686,0.1103659388871199,0.0027824997764983,6.13,0.0875,4.997501249375312,6.915883250811,0.2001
RSN8_NCALIF.FH_F-FRN225.txt,0.1147203,2.0,0.2294406,0.0180224333874081,0.0116417204866711,0.23295082693829,0.0064994101851232,9.42,0.0625,1.5992003998001,5.2345794226969184,0.6253125
RSN26_HOLLISTR_B-HCH271.txt,0.1147535,2.0,0.229507,0.0250023865108127,0.0182842133503238,0.36586710913998,0.0125086378180337,14.56,0.036,1.899050474762619,3.1220101628962467,0.526578947368421
RSN152_COYOTELK_SJ3337.txt,0.1157378,2.0,0.2314756,0.0197985742600171,0.0121437375136181,0.2429961876475,0.0078435906900155,6.99,0.062,2.3988005997001496,8.17571114500847,0.416875
RSN146_COYOTELK_G01320.txt,0.1166343,2.0,0.2332686,0.0159776454736783,0.0083509605757186,0.16710272112013,0.0051082559491998,5.71,0.137,4.997501249375312,10.129338105231302,0.2001
RSN3994_SANSIMEO_36153360.txt,0.117371,2.0,0.234742,0.0215242337937716,0.0151282548773783,0.30271638009634,0.0092704857345829,14.77,0.106,7.396301849075462,5.68821727357852,0.1352027027027027
RSN12371_40194055_58667090.txt,0.11781688,2.0,0.23563376,0.0103824328290347,0.0040795287696115,0.081631370679927,0.0021569761781028,2.29,0.0895,3.648175912043978,7.120638130363607,0.2741095890410959
RSN176_IMPVALL.H_H-E13140.txt,0.1179572,2.0,0.2359144,0.0286956991778634,0.0214601161606596,0.4294169243748,0.0164770974576416,14.04,0.075,0.5997001499250374,7.124970174475299,1.6675000000000002
RSN2007_CABAJA_E11090.txt,0.1191537,2.0,0.2383074,0.0138873505102961,0.008680147167733,0.173689744826338,0.0038590986689583,13.11,0.0865,3.698150924537731,7.113198171750999,0.2704054054054054
RSN2050_YLINDA_13873090.txt,0.1192072,2.0,0.2384144,0.0110418331801577,0.004416585334938,0.08837587255211,0.0024396608203684,2.34,0.136,8.045977011494253,8.823866201099463,0.1242857142857142
RSN10850_14312160_24126090.txt,0.11931803,2.0,0.23863606,0.0101135360694663,0.0047165544947666,0.0943782554402801,0.0020466950726862,4.55,0.079,2.048975512243878,8.219061847093936,0.4880487804878049
RSN153_COYOTELK_SJ5337.txt,0.1193747,2.0,0.2387494,0.0171515642696697,0.0103333686208995,0.2067707061042,0.0058864648995012,6.82,0.065,2.3988005997001496,8.841223438294676,0.416875
RSN3576_SMART1.05_05O09EW.txt,0.1197066,2.0,0.2394132,0.0160880226209975,0.0097018235931873,0.194133490099678,0.005179077681793,7.72,0.0975,2.998500749625187,5.968441573191478,0.3335
RSN6912_DARFIELD_HPSCS86W.txt,0.1199093,2.0,0.2398186,0.034826434021956,0.0262866987674737,0.52599684233715,0.0242697389387799,15.02,0.0555,0.2498750624687656,6.310409013748484,4.002
RSN4259_ANCONA.P_P-ANP090.txt,0.1204769,2.0,0.2409538,0.0178067137891288,0.0111331283346516,0.22277389797638,0.0063447519099187,8.76,0.1085,5.597201399300349,9.133392797631425,0.1786607142857143
RSN343_COALINGA.H_H-Z04090.txt,0.1210973,2.0,0.2421946,0.0352891998694747,0.0265541039214242,0.5313476194677,0.0249190058248289,15.07,0.027,0.7996001999000499,2.7339412390197926,1.250625
RSN8_NCALIF.FH_F-FRN315.txt,0.121648,2.0,0.243296,0.0178736752002758,0.0120912464281714,0.24194584102771,0.0063925599859507,11.34,0.0485,1.5992003998001,4.819215621859054,0.6253125
RSN10850_14312160_24126360.txt,0.12285723,2.0,0.24571446,0.011515217874006,0.0053465339696942,0.106984144733582,0.0026533308561434,3.94,0.0735,2.998500749625187,6.981706087943992,0.3335
RSN9449_51161673_76741014.txt,0.12340229,2.0,0.24680458,0.0138755443392494,0.0075857500339526,0.1517908581793921,0.0038525399215166,7.2,0.09,2.648675662168916,7.947590299429089,0.3775471698113207
RSN414_COALINGA_D-CSU000.txt,0.1235183,2.0,0.2470366,0.0179936395092227,0.0097211987053063,0.19452118609318,0.0064786589663851,8.63,0.076,5.197401299350324,7.180715235917379,0.1924038461538461
RSN422_TRINIDAD_RDW270.txt,0.1237683,2.0,0.2475366,0.0181646169547276,0.0114115868147576,0.2283458521632999,0.0066023657153306,8.950000000000001,0.087,2.648675662168916,7.73913955732887,0.3775471698113207
RSN3568_SMART1.05_05M10NS.txt,0.1239428,2.0,0.2478856,0.017091861976996,0.0104634275249375,0.209373184774,0.005845556234272,9.26,0.0815,1.0994502748625687,6.657832486989594,0.9095454545454544
RSN518_PALMSPR_FVR135.txt,0.1241355,2.0,0.248271,0.0228086434912853,0.0153527606764352,0.30720874113547,0.0104098867004301,9.99,0.147,1.399300349825087,9.237276606769582,0.7146428571428572
RSN562_CHALFANT.B_D-LAD270.txt,0.1242809,2.0,0.2485618,0.0179085863284394,0.0112347419768785,0.22480718695734,0.0064175564603062,14.69,0.0565,1.899050474762619,6.062131761525492,0.526578947368421
RSN518_PALMSPR_FVR045.txt,0.124857,2.0,0.249714,0.0207490896376652,0.0138099841363268,0.2763377825679,0.0086147996630452,10.27,0.1385,1.399300349825087,8.943056275651006,0.7146428571428572
RSN8376_BEARCTY_CIBBRHLN.txt,0.12495797,2.0,0.24991594,0.0166132933501562,0.0086363980532258,0.1728143250450499,0.0055227903339262,4.91,0.0875,2.2488755622188905,6.833356526462545,0.4446666666666666
RSN12371_40194055_58667360.txt,0.12570618,2.0,0.25141236,0.0124303968687588,0.0045527431569681,0.091100390570932,0.0030918404739601,1.58,0.1005,3.0984507746126937,7.176708368959941,0.322741935483871
RSN544_CHALFANT.B_B-LAD180.txt,0.1257251,2.0,0.2514502,0.0193899604081201,0.0135831736452673,0.2717993046417999,0.0075231709982156,16.03,0.0415,0.8995502248875562,4.606144222502607,1.1116666666666666
RSN757_LOMAP_DUMB267.txt,0.1269415,2.0,0.253883,0.0280207257410865,0.021809779585842,0.4364136895127,0.0157110730318543,15.09,0.0325,0.5497251374312844,3.895519919110592,1.819090909090909
RSN757_LOMAP_DUMB357.txt,0.126992,2.0,0.253984,0.0307286696480779,0.0221419585980079,0.4430605915461401,0.0188944652781975,14.89,0.03,1.1994002998500748,3.0285854924288267,0.8337500000000001
RSN5803_IWATE_55445NS.txt,0.1270828,2.0,0.2541656,0.0339641834576811,0.0266510716944192,0.53328794460533,0.0230828508165199,14.64,0.0895,0.3498250874562718,9.236482493166283,2.858571428571429
RSN97_PTMUGU_PHN180.txt,0.1277968,2.0,0.2555936,0.0193655216483515,0.0122031412944057,0.24418485730106,0.0075042188085425,10.57,0.068,0.8995502248875562,5.395457896731038,1.1116666666666666
RSN2007_CABAJA_E11360.txt,0.1284639,2.0,0.2569278,0.0147905980958041,0.0092118711603978,0.184329541919561,0.0043774234585524,13.58,0.0805,4.697651174412793,6.908525090004195,0.2128723404255319
RSN6875_JOSHUA_5071045.txt,0.1296317,1.991987230121897,0.2582246910189927,0.023724735650782,0.016407741193857,0.32831890128908,0.0112628902648067,10.86,0.0665,0.7496251874062968,6.531301034750332,1.334
RSN212_LIVERMOR_A-DVD156.txt,0.1296717,1.9958833874262345,0.25880959184931845,0.017647024632954,0.0112538986220074,0.22519051142637,0.0062314637427056,9.91,0.0555,0.7996001999000499,5.152400056634578,1.250625
RSN3568_SMART1.05_05M10EW.txt,0.1300577,1.9934935899147388,0.2592691912690541,0.0186634530691365,0.0116649615532569,0.233415880680671,0.0069699728540818,8.86,0.096,1.7991004497751124,6.538313521947066,0.5558333333333333
RSN718_SUPER.A_A-IVW090.txt,0.1307973,1.9867457037366372,0.25986097383535206,0.0287522581759063,0.0204355896970524,0.40891614983802,0.0165421139277816,13.05,0.1075,2.7486256871564216,8.43776737031034,0.3638181818181818
RSN1740_SKULLMTN_LSM1000.txt,0.1312429,1.9805240379221931,0.2599297182566186,0.0214392116953581,0.0111836048501362,0.223783933051226,0.0091973923603488,4.83,0.1235,5.047476261869066,8.080974208943195,0.1981188118811881
RSN3994_SANSIMEO_36153090.txt,0.1323456,1.9689771181424682,0.26058545808683586,0.0254522046128525,0.0172243388048805,0.34465901948566,0.0129627725402867,11.67,0.1045,7.04647676161919,6.068683550756854,0.1419148936170212
RSN36_BORREGO_A-ELC180.txt,0.1326708,1.9660168664558322,0.26083303048618844,0.0244795697650497,0.0179277645344277,0.3587345683339,0.0119909792109975,17.37,0.0475,0.5497251374312844,3.887505551956038,1.819090909090909
RSN718_SUPER.A_A-IVW360.txt,0.1328886,1.9649746130851156,0.2611227253684227,0.0284509968073302,0.020023048875912,0.400661208007,0.0161972789788076,13.93,0.087,2.348825587206397,8.122518690168652,0.4257446808510639
RSN6912_DARFIELD_HPSCN04W.txt,0.1353201,1.930393375134972,0.26122102456260193,0.0440875400737224,0.0337569260625587,0.6754760905118,0.0388936609069391,15.1,0.038,0.3998000999500249,4.58817363119689,2.50125
RSN172_IMPVALL.H_H-E01230.txt,0.1353856,1.9305658050574785,0.26137080985718975,0.0261362019109055,0.0188547586130534,0.3772837198472,0.0136688520170557,12.18,0.131,5.097451274362818,10.407811633236976,0.1961764705882353
RSN176_IMPVALL.H_H-E13230.txt,0.1383414,1.8899858776006426,0.26146329228750154,0.0283486832267057,0.0210498917176111,0.4212083332694,0.016080993292169,14.54,0.0875,2.3988005997001496,7.54848447126915,0.416875
RSN421_TRINIDAD_RDE270.txt,0.1390013,1.8818129698183295,0.26157444916160855,0.0230430533011457,0.0141435400781499,0.28301223696378,0.0106249559318432,7.68,0.0855,2.6986506746626686,6.63535285671719,0.3705555555555556
RSN3687_WHITTIER.B_B-JAB207.txt,0.139192,1.8832935938654458,0.26213940191731916,0.0187418680732757,0.0113555272484217,0.22722410024092,0.0070286649537102,9.89,0.154,1.649175412293853,10.434899038062218,0.6063636363636364
RSN1126_KOZANI_KOZ--T.txt,0.139238,1.890103183681076,0.26317418708938567,0.0251264582626773,0.0151991391341129,0.3041347740736,0.0126330914855695,8.41,0.1105,2.898550724637681,7.038313594666141,0.345
RSN726_SUPER.B_B-WLF315.txt,0.1397758,1.8909973963641324,0.2643156738747137,0.0340498925993938,0.0242122798978525,0.4844877207560299,0.0231994976724653,12.98,0.0715,1.299350324837581,5.297489763442927,0.7696153846153847
RSN18492_51182151_NPHOBHNE.txt,0.1406522,1.8812127274464767,0.26459670878334735,0.007825666015025,0.0029972320212107,0.0599746127444266,0.0012254333820601,3.15,0.13,4.797601199400299,13.93332918490374,0.2084375
RSN3571_SMART1.05_05O02EW.txt,0.1409364,1.8894438863127572,0.26629141933892925,0.0211460686782436,0.012274222561825,0.24560719346212,0.0089475959731053,7.95,0.0825,2.848575712143928,6.58804166577888,0.3510526315789474
RSN172_IMPVALL.H_H-E01140.txt,0.1411211,1.8912374842322608,0.2668935141360893,0.0299346211691696,0.020644774187891,0.4131019314997,0.0179305917062794,11.24,0.148,2.198900549725137,10.156659214102566,0.4547727272727273
RSN1070_NORTHR_GRN180.txt,0.1416791,1.8853701029423042,0.267117539351773,0.0372415079411609,0.0267394900115385,0.535057195130886,0.0277524675737684,13.39,0.085,2.548725637181409,6.767311152423753,0.3923529411764706
RSN419_COALINGA_F-CSU000.txt,0.1438099,1.859324220477076,0.2673892302143862,0.0140864329333828,0.0067794414235442,0.13565662288512,0.0039705361316617,5.41,0.073,1.249375312343828,7.3754239157253725,0.8004
RSN719_SUPER.B_B-BRA225.txt,0.1440078,1.858451451698807,0.26763150496595145,0.0268020609731073,0.0191979767721284,0.38415151521029,0.0143741929528473,13.67,0.112,0.9995002498750624,7.576668012971255,1.0005
RSN402_COALINGA_C-SKH360.txt,0.1446635,1.852269938003909,0.2679558521764285,0.0171311003273788,0.008785243944873,0.17579273133691,0.0058724267145186,4.22,0.096,4.197901049475262,7.578232035141139,0.2382142857142857
RSN3648_SMART1.40_40M08EW.txt,0.147144,1.821614921310861,0.26803970598136534,0.0322068810382537,0.0213303028194962,0.42681935941812,0.0207560365561067,9.33,0.028,0.8495752123938031,2.2025483385559856,1.1770588235294115
RSN1121_KOBE_YAE090.txt,0.1472147,1.822727282046351,0.26833225000826894,0.0381198375206872,0.0288681903813993,0.5776524895318,0.0290769714721979,18.86,0.0395,1.1494252873563218,5.042492730032424,0.8700000000000001
RSN3767_NORTH392_SYL180.txt,0.1473104,1.8288846318418917,0.2694137266704818,0.0257237129601176,0.0152338879519475,0.30483009791847,0.013240805263175,7.73,0.0935,3.698150924537731,5.735753719176114,0.2704054054054054
RSN502_MTLEWIS_HVR090.txt,0.1486567,1.8175062096756165,0.2701844753598852,0.0226672786767639,0.0110689949738055,0.22149058942585,0.0102812485074276,4.83,0.0415,0.6496751624187905,4.13619365439415,1.5392307692307694
RSN316_WESMORL_PTS315.txt,0.1488241,1.8177651047807424,0.27052725573039965,0.038678252457005,0.0272956786031694,0.54618652884942,0.0299351043346876,12.99,0.0585,1.1994002998500748,4.753518347540773,0.8337500000000001
RSN5_NWCALIF.AB_A-FRN045.txt,0.1500709,1.8032577579330444,0.27061651466499415,0.0180745678538578,0.0109203461733383,0.2185161269285,0.0065370669621052,9.86,0.062,2.348825587206397,5.279751959731055,0.4257446808510639
RSN8659_40204628_N1839HNN.txt,0.15053746,1.7977841861491919,0.27063386501106657,0.0150859408986263,0.0068153323923256,0.136374801170436,0.0045539881120649,4.21,0.12,6.696651674162919,6.972168671832169,0.1493283582089552
RSN266_VICT_CHI102.txt,0.1509762,1.7925641374073051,0.2706345217220328,0.0334022472678255,0.0228683677885537,0.457596039448961,0.0223253595520446,14.33,0.055,1.4992503748125936,5.16369705589548,0.667
RSN357_COALINGA.H_H-SC3000.txt,0.151048,1.7939260895909819,0.2709689479805386,0.0210366445453848,0.0137747026690099,0.27563180040689,0.0088552336787146,10.73,0.0885,2.148925537231384,5.48809115399504,0.4653488372093023
RSN4411_UBMARCHE.P_R-NCB000.txt,0.1513882,1.790506053886406,0.271061488586966,0.0209543197339363,0.0089316764757568,0.1787228462798946,0.0087860611453958,2.99,0.2205,8.745627186406796,13.512331299787816,0.1143428571428571
RSN3661_SMART1.40_40O12NS.txt,0.1516776,1.7880895035687507,0.27121312448649953,0.022088485788137,0.0122364438104927,0.2448512406479599,0.0097629031002987,11.05,0.036,1.0994502748625687,3.090521349679036,0.9095454545454544
RSN2752_CHICHI.04_CHY101N.txt,0.1522982,1.7879762295861352,0.2723055614087551,0.0314315598363012,0.022521740038453,0.4506600181694449,0.0197687385043971,14.05,0.1065,1.649175412293853,6.75023576149878,0.6063636363636364
RSN4335_UBMARCHE.P_B-AAL108.txt,0.1534631,1.7761510156737832,0.2725736409334473,0.0191281451645682,0.0086695136829041,0.173476968794912,0.0073213776081102,3.5700000000000003,0.107,3.948025987006496,6.741031869282532,0.2532911392405063
RSN4416_UBMARCHE.P_S-NC2090.txt,0.153671,1.780092350107435,0.27354857153335965,0.0201452221183376,0.0084674495326306,0.16943366514794,0.0081206577836852,3.3200000000000003,0.2065,5.747126436781609,13.351337156133296,0.174
RSN422_TRINIDAD_RDW000.txt,0.1544736,1.7768047611575872,0.27446942795315266,0.0199912023068326,0.0118390356086828,0.236899102529743,0.0079969598751509,6.9,0.104,2.948525737131434,7.6730667901121565,0.3391525423728814
RSN397_COALINGA_C-CHP090.txt,0.1547039,1.7800072829739289,0.2753740687044704,0.0186089725516915,0.0095303821883523,0.19070294758893,0.0069293401271864,5.71,0.0975,5.497251374312843,7.838218829198911,0.1819090909090909
RSN314_WESMORL_BRA225.txt,0.1547636,1.7892833432631179,0.27691593162343586,0.0292376560155627,0.0174802159101989,0.34977912036308,0.0171053589909802,7.72,0.122,1.1494252873563218,9.002523311107268,0.8700000000000001
RSN164_IMPVALL.H_H-CPE237.txt,0.1571105,1.763231377720479,0.2770221633693533,0.0560590784933125,0.0453280421730934,0.9070141238836,0.0628838318332026,18.38,0.0885,1.3493253373313343,7.496072099372073,0.7411111111111112
RSN1121_KOBE_YAE000.txt,0.1576342,1.757783802586781,0.27708684349372514,0.0532186246876809,0.0426275227695202,0.8529767306181001,0.0566727624931013,16.75,0.03,0.9495252373813092,3.1663313885332087,1.053157894736842
RSN601_WHITTIER.A_A-BRL130.txt,0.1577709,1.756468367340154,0.2771195951367867,0.0246187736267329,0.015049246120914,0.30113541487949,0.0121277411378352,8.71,0.0955,1.7491254372813592,6.640979482951575,0.5717142857142857
RSN3649_SMART1.40_40M09NS.txt,0.1580199,1.762859984315912,0.278566958435602,0.025588366920588,0.0175092009791719,0.35035911159323,0.0131018380784695,12.63,0.025,0.8995502248875562,2.8284141278595643,1.1116666666666666
RSN243_MAMMOTH.AH_B-LUL090.txt,0.1585098,1.7576927685972115,0.2786115292117903,0.0257961827813213,0.0156695317406946,0.3135473301313,0.0133155153522076,6.9,0.076,2.098950524737631,10.49232832487844,0.4764285714285715
RSN4259_ANCONA.P_P-ANP000.txt,0.159285,1.7511971935965804,0.2789394449820313,0.0180354843802329,0.0112574167563235,0.225260909294034,0.0065088267235608,10.71,0.117,2.898550724637681,9.33391351656966,0.345
RSN10627_10370141_23780360.txt,0.15989138,1.7478122398498448,0.2794601110104827,0.0146435975638181,0.0065427705575172,0.130920838855921,0.0042908433417173,5.93,0.1145,5.44727636181909,7.880527186249344,0.1835779816513761
RSN4369_UBMARCHE.P_E-NCM000.txt,0.1612311,1.7379062616684902,0.28020453826569847,0.0184418412563002,0.0093036316656631,0.18616566962992,0.0068054311935407,4.92,0.1555,2.2488755622188905,11.129880307865724,0.4446666666666666
RSN6878_JOSHUA_5295180.txt,0.1613214,1.7388894199722809,0.28052007567511633,0.0327257009745619,0.0209232300639806,0.4186738335802529,0.0214301398005716,9.91,0.094,1.4492753623188406,7.469707049849898,0.69
RSN561_CHALFANT.B_C-ZAK270.txt,0.1622044,1.7374551713526427,0.2818228735961526,0.0187318506430915,0.0103908632895132,0.20792117442316,0.0070211533925869,7.49,0.1265,1.8490754622688648,9.216587456668496,0.5408108108108108
RSN20_NCALIF.FH_H-FRN044.txt,0.1625533,1.7368355409446625,0.28232834873784,0.0411360409807938,0.0291057632591799,0.58240632281619,0.0338603990901466,13.27,0.0255,0.7996001999000499,3.627589567418012,1.250625
RSN3649_SMART1.40_40M09EW.txt,0.1627139,1.73561821330348,0.2824092083976411,0.028869617345543,0.0180791925835512,0.36176464359686,0.0166774306616184,11.35,0.0225,0.7996001999000499,2.642647262594171,1.250625
RSN18444_21423530_36457360.txt,0.16335518,1.729796390685735,0.28257120076381853,0.0181246366119011,0.0070431983274226,0.1409343985317264,0.0065733340707925,2.91,0.135,4.697651174412793,8.705594554742083,0.2128723404255319
RSN18444_21423530_36457090.txt,0.16397821,1.7240164299117362,0.28270112818751697,0.0153011629028466,0.0061742246229397,0.123546234705025,0.0046848529794507,3.83,0.119,5.147426286856572,8.642889834867445,0.1942718446601941
RSN552_CHALFANT.A_A-SHE009.txt,0.1642825,1.7210750931611165,0.2827425189922411,0.0201346402469723,0.0118907557260829,0.23793402207892,0.0081121287948786,8.22,0.0955,3.698150924537731,6.98293930842539,0.2704054054054054
RSN314_WESMORL_BRA315.txt,0.1650554,1.716241732021206,0.28327496557545295,0.0245205088279798,0.015023892860824,0.30062809614509,0.0120311196171926,7.99,0.1245,6.896551724137931,9.592118932681728,0.145
RSN4345_UBMARCHE.P_A-AAL108.txt,0.1661331,1.7063540181308052,0.2834818827295269,0.0300340296570177,0.0158615380894452,0.3173893771698,0.0180498791781467,4.28,0.102,5.497251374312843,7.146572029603411,0.1819090909090909
RSN4546_L-AQUILA.B_EF101XTE.txt,0.1663217,1.7055527394285899,0.2836704310614201,0.0217405022002312,0.0097417959689615,0.19493333733892,0.0094577152127243,3.5500000000000003,0.1675,10.844577711144428,11.169330999846869,0.0922119815668202
RSN4416_UBMARCHE.P_S-NC2000.txt,0.1670982,1.6988998204284764,0.28388310197392164,0.0199057828428473,0.0083292967507084,0.1666692279816769,0.0079287662136377,2.92,0.2445,8.79560219890055,14.857470675804072,0.1136931818181818
RSN391_COALINGA_B-BNT270.txt,0.1673533,1.6969253346274358,0.2839860546035057,0.0220616217435025,0.0140562740201379,0.28126604314296,0.0097391702306071,12.58,0.0475,0.9995002498750624,4.335737931835657,1.0005
RSN164_IMPVALL.H_H-CPE147.txt,0.1682932,1.6901271328157923,0.2844369035883947,0.0569298224067813,0.0454483858184207,0.9094222002266,0.064852503632146,17.740000000000002,0.1065,2.2488755622188905,7.862810574431596,0.4446666666666666
RSN4037_BAM_ABAR-L.txt,0.1684608,1.6986088409755928,0.28614900423782114,0.0315817068872801,0.0227325331574857,0.45487798848129,0.0199580582403807,13.54,0.3355,16.091954022988507,17.07606300298293,0.0621428571428571
RSN6878_JOSHUA_5295090.txt,0.172316,1.6647016600176354,0.28685473124759886,0.0274574620846349,0.0181558330234882,0.3632982187999999,0.0150857836048246,9.83,0.0915,1.299350324837581,8.233069231576483,0.7696153846153847
RSN730_SPITAK_GUK090.txt,0.1741392,1.6476889582244971,0.2869272370340473,0.0311741540677084,0.0190561214471609,0.3813129901576899,0.0194462759155628,7.48,0.0725,2.3988005997001496,7.145073543041793,0.416875
RSN246_MAMMOTH.L_L-BEN360.txt,0.1746032,1.6436303144116122,0.2869831125132736,0.0218712660120149,0.0133880843309695,0.2678955674627,0.009571829062136,8.57,0.1105,1.5992003998001,7.384447059697665,0.6253125
RSN602_WHITTIER.A_A-BUE340.txt,0.1746498,1.645494895163305,0.2873853543412922,0.0353200419220271,0.0213550538847326,0.4273146282335,0.0249625822810888,8.91,0.0995,1.899050474762619,7.039611721449279,0.526578947368421
RSN421_TRINIDAD_RDE000.txt,0.1753719,1.6391347336191096,0.2874581725907771,0.0235177072702987,0.0143209360943928,0.2865619312488,0.0110671819305817,7.72,0.0945,2.7486256871564216,6.874073625657331,0.3638181818181818
RSN549_CHALFANT.A_A-LAD270.txt,0.1757792,1.6377048560624066,0.287874449434765,0.0346348288742682,0.021407100673914,0.42835608448502,0.0240034231367084,8.13,0.066,2.6986506746626686,5.560849941925326,0.3705555555555556
RSN315_WESMORL_NIL090.txt,0.1760304,1.6380951460667603,0.28835454380019027,0.023455017098677,0.0146933007071564,0.2940129471502,0.0110082579202556,9.82,0.1155,5.997001499250374,8.753722975950874,0.16675
RSN2752_CHICHI.04_CHY101E.txt,0.1767894,1.6322457668005446,0.2885637497652082,0.0349178803215635,0.0249223282586206,0.498695788455,0.0243973599066822,12.64,0.0855,0.5997001499250374,6.644641852972827,1.6675000000000002
RSN402_COALINGA_C-SKH270.txt,0.177014,1.6307091166985606,0.288658343583279,0.0180048549225076,0.0094271468153328,0.18863720777481,0.0064867377636187,5.95,0.104,2.048975512243878,8.810990482899168,0.4880487804878049
RSN419_COALINGA_F-CSU090.txt,0.177307,1.6304962431498204,0.2890983973841652,0.0182770566664773,0.0071699244899568,0.143470189044036,0.0066843565157963,3.47,0.0915,3.298350824587706,6.625384812662618,0.3031818181818182
RSN10627_10370141_23780090.txt,0.17791432,1.62600822624306,0.28929014788644014,0.017378264941068,0.0066974480858345,0.13401593619755,0.0060431018881626,3.14,0.0985,4.197901049475262,6.54432930290856,0.2382142857142857
RSN729_SUPER.B_B-IVW090.txt,0.1792464,1.6160909834877655,0.2896784908626414,0.0425614711114312,0.0315065004173673,0.6304450733515201,0.0362476912516155,19.0,0.0905,0.8995502248875562,8.83356529367092,1.1116666666666666
RSN397_COALINGA_C-CHP000.txt,0.1811203,1.6012546026802907,0.2900197140138351,0.0157550076939869,0.0076956252786491,0.1539894618257699,0.0049668875514261,7.11,0.0945,3.698150924537731,7.385207612933387,0.2704054054054054
RSN4546_L-AQUILA.B_EF101YLN.txt,0.1816342,1.598278383855632,0.2903020156289106,0.0227682717477962,0.0106759930300464,0.21362662053123,0.0103730679096137,3.21,0.1605,11.494252873563218,11.061015791769572,0.087
RSN3767_NORTH392_SYL090.txt,0.1817729,1.5975720900636838,0.290395311769937,0.0241443245745383,0.013495860235836,0.27005216331908,0.0116647976673047,7.2,0.1115,2.598700649675162,6.102206429022106,0.3848076923076923
RSN234_MAMMOTH.J_J-LUL000.txt,0.1833759,1.5838624971285515,0.2904422108871956,0.0171183062484803,0.0106376110463258,0.2128585970369799,0.0058636585404233,8.49,0.078,1.949025487256372,10.862031613168696,0.5130769230769231
RSN222_LIVERMOR_B-LMO265.txt,0.1837491,1.5840492931568144,0.2910676319732008,0.0247040982175236,0.0118172601171204,0.23646337494358,0.0122119522995085,4.15,0.0875,5.597201399300349,6.840435708329897,0.1786607142857143
RSN508_SMART1.40_40M07EW.txt,0.1840281,1.5852084487746558,0.29172289893194725,0.0344573320919203,0.0188398810697431,0.3769860202055599,0.0237580277752065,7.73,0.04,0.8495752123938031,3.5154876874483905,1.1770588235294115
RSN236_MAMMOTH.AH_A-CVK180.txt,0.1847698,1.579504935777292,0.2918448110825831,0.0333287464593861,0.0175094231204615,0.350363556640436,0.0222272148644863,4.7700000000000005,0.108,1.899050474762619,9.264281346075578,0.526578947368421
RSN562_CHALFANT.B_D-LAD180.txt,0.1869104,1.561600568664598,0.29187938692932747,0.0226629751307963,0.0119208458104532,0.23853612466717,0.0102773449399996,9.97,0.0565,2.448775612193903,4.846961747241492,0.4083673469387755
RSN4362_UBMARCHE.P_E-AAL108.txt,0.1870188,1.561671306271586,0.2920618936933445,0.0211564794645406,0.009076660113828,0.1816239688777,0.0089564084329039,3.35,0.101,4.0479760119940025,6.783429696294454,0.247037037037037
RSN6874_JOSHUA_5068135.txt,0.1875873,1.5596465928333687,0.292569893303811,0.0415821324229935,0.0281450044622438,0.5631815392895,0.0345987654742358,10.08,0.1515,4.847576211894053,9.841280420752776,0.2062886597938144
RSN9590_10410337_14847090.txt,0.18772971,1.5605593743035764,0.2929633587757918,0.0255065405985357,0.0110998942736154,0.2221088844150446,0.013018178102228,3.31,0.1315,5.497251374312843,8.087064746601689,0.1819090909090909
RSN4345_UBMARCHE.P_A-AAL018.txt,0.1880379,1.5589944600869687,0.2931500443863874,0.0275671436654746,0.0139288423616221,0.27871613565606,0.0152065476715571,4.12,0.095,2.948525737131434,6.059961793516021,0.3391525423728814
RSN8099_CCHURCH_KPOCN15E.txt,0.1886147,1.5547597152085315,0.2932505372561426,0.0405349017402205,0.0261583576288225,0.52342873615274,0.0328779959643776,8.59,0.085,1.3493253373313343,5.590173181017803,0.7411111111111112
RSN1135_KOZANI_C-KRP-EW.txt,0.1889045,1.5544684165420397,0.29364607899266576,0.0330545021470883,0.0184696776940557,0.369578250658056,0.0218629282449593,7.07,0.074,2.7986006996501747,5.647003122250797,0.3573214285714286
RSN9449_51161673_76741284.txt,0.18896045,1.5545302288533844,0.2937447315827385,0.0220710420525464,0.0095204786055332,0.19050477689672,0.0097474892546783,3.68,0.0895,6.346826586706646,7.72341308028142,0.1575590551181102
RSN720_SUPER.B_B-CAL225.txt,0.1895862,1.5499964046954844,0.29385792837987906,0.0334678438954875,0.0222877620860804,0.44597811934247,0.0224131324660046,12.59,0.0905,5.997001499250374,6.9956900400352415,0.16675
RSN4369_UBMARCHE.P_E-NCM270.txt,0.1901657,1.5475162074994064,0.29428450286046987,0.0202525796995007,0.0097338309424942,0.19477395715931,0.0082074413595374,4.95,0.1705,2.948525737131434,12.021531794807276,0.3391525423728814
RSN3635_SMART1.40_40I03NS.txt,0.1918342,1.5341972099549055,0.29431149441393134,0.0269624078078004,0.0161271497535237,0.32270426656801,0.0145466984102306,10.36,0.0275,0.9495252373813092,2.819234154652205,1.053157894736842
RSN416_COALINGA_E-CHP090.txt,0.192181,1.532179685922836,0.29445582422033656,0.0165026301794253,0.0068461170652878,0.13699080247641,0.0054494594248059,5.32,0.09,6.596701649175412,7.253327115402267,0.1515909090909091
RSN3635_SMART1.40_40I03EW.txt,0.1924498,1.5300896181856536,0.2944654410019054,0.034210652342515,0.0209410816237521,0.41903104329128,0.0234190783613456,10.72,0.025,0.6496751624187905,2.1934628796632243,1.5392307692307694
RSN6876_JOSHUA_5072270.txt,0.1932307,1.5268170157942131,0.2950279207338269,0.0373585965932734,0.0232191672995052,0.4646155376631,0.0279272514357729,7.7,0.1605,3.598200899550225,9.38824128267358,0.2779166666666666
RSN239_MAMMOTH.AH_A-LUL090.txt,0.1946355,1.5177739682080273,0.2954126951891535,0.0337796149797345,0.0204492116602793,0.4091887253221901,0.0228326583874639,7.6,0.101,2.898550724637681,7.972466340050767,0.345
RSN787_LOMAP_SLC270.txt,0.1947768,1.520520073605181,0.2961620342725816,0.0420398426165975,0.0283894966030234,0.5680738270265,0.035364640828238,10.67,0.0605,0.8995502248875562,4.811981148731199,1.1116666666666666
RSN391_COALINGA_B-BNT360.txt,0.1981543,1.4963653934204808,0.29651123707745997,0.022593586326979,0.0138102443410804,0.27634298926502,0.0102145075637242,14.8,0.0475,3.748125937031484,4.066886540749513,0.2668
RSN1948_ANZA1_LQB090.txt,0.201794,1.481359728153175,0.2989295049829418,0.0228039253498591,0.0120051510332413,0.2402230721751599,0.0104055804173525,5.13,0.113,6.296851574212893,8.733314436773435,0.1588095238095238
RSN6874_JOSHUA_5068045.txt,0.2021544,1.4787889713278923,0.2989436972254073,0.0454432811808134,0.0315886104993959,0.632088096092912,0.0413224870076142,10.45,0.124,5.797101449275362,9.717348953622633,0.1725
RSN20_NCALIF.FH_H-FRN314.txt,0.2033438,1.47018653549541,0.2989533168364715,0.0337746137533972,0.0216742703620204,0.43370214994403,0.0228258979291653,16.2,0.031,0.6996501749125437,3.185546682783277,1.4292857142857145
RSN3648_SMART1.40_40M08NS.txt,0.2040027,1.4671320360452456,0.2992988966097274,0.0271337048203004,0.0172398417144235,0.3449692327056159,0.0147321211248766,10.8,0.0225,0.6996501749125437,3.384466991474948,1.4292857142857145
RSN729_SUPER.B_B-IVW360.txt,0.2060807,1.455102618151284,0.2998685661204493,0.0577039216548173,0.041624221951939,0.8329006812583001,0.0666281489126494,13.62,0.0855,0.4497751124437781,7.390598358843479,2.223333333333333
RSN1126_KOZANI_KOZ--L.txt,0.2068541,1.4528631403706005,0.30053069732453425,0.0294981343156849,0.0167824961886256,0.3358177487343999,0.0174114999614048,6.13,0.105,5.397301349325337,7.845514570254831,0.1852777777777778
RSN371_COALINGA_A-CPL090.txt,0.2093648,1.4355394891428186,0.30055143803648837,0.019671421591611,0.0062991925060269,0.1260468420456,0.0077431661969724,1.26,0.0965,2.2988505747126435,6.960765539403944,0.435
RSN6877_JOSHUA_5294180.txt,0.2097978,1.4328148850385771,0.3006014106883464,0.0333913592795892,0.022832862917936,0.4568855869879,0.0223108073195175,10.19,0.089,2.098950524737631,6.519855716826519,0.4764285714285715
RSN602_WHITTIER.A_A-BUE250.txt,0.211214,1.4232101444612666,0.30060190745224197,0.0332781746382437,0.0204404121904097,0.4090126479301,0.0221598125141415,8.16,0.112,3.04847576211894,6.877837258715189,0.3280327868852459
RSN9838_51182810_54099005.txt,0.21152796,1.4224013819481638,0.3008776626246759,0.0180718665898356,0.007164538084744,0.143362407075729,0.0065351131644367,2.59,0.1415,3.04847576211894,10.036070279567758,0.3280327868852459
RSN132_FRIULI.B_B-FOC270.txt,0.2115608,1.4260789415782065,0.3017024017434386,0.0348031289589221,0.0189854454354392,0.37989876316314,0.0242372682844806,4.58,0.0915,2.648675662168916,7.993341470571797,0.3775471698113207
RSN2391_CHICHI.02_TCU079N.txt,0.2123317,1.4243345720621525,0.3024313810547294,0.0320103836966684,0.0169943897672713,0.3400577392431,0.0205035399348028,4.51,0.1015,4.997501249375312,9.092167682267473,0.2001
RSN1740_SKULLMTN_LSM1270.txt,0.2128519,1.422752723502711,0.3028356204277267,0.0279377213781637,0.0130480252285177,0.26109098482264,0.0156181306788361,3.27,0.1115,6.846576711644177,7.5102734671018,0.1460583941605839
RSN6876_JOSHUA_5072180.txt,0.2134759,1.4215856860283098,0.30347428375201085,0.0330503681688364,0.0194648972578845,0.38949259413027,0.0218574599902736,6.86,0.1475,1.4492753623188406,7.703103927367474,0.69
RSN8099_CCHURCH_KPOCS75E.txt,0.2144153,1.4199875267932593,0.30446705155363474,0.0460168185394722,0.0304443489847561,0.60919142318497,0.0423721272457793,10.24,0.0665,1.4492753623188406,5.517697495133886,0.69
RSN411_COALINGA_D-PVP270.txt,0.2195358,1.3894166414343367,0.3050266939106003,0.02608713194768,0.0140262064730859,0.28066439152645,0.0136175744496459,5.75,0.073,1.649175412293853,7.242734125657948,0.6063636363636364
RSN1100_KOBE_ABN000.txt,0.2206335,1.383999985916556,0.30535676089272046,0.0396288029710512,0.0290771841761254,0.58183445536427,0.0314245449186172,13.81,0.101,0.9995002498750624,8.7441577005984,1.0005
RSN458_MORGAN_G04270.txt,0.2241816,1.3645524053893259,0.3059075415240277,0.0478124861380066,0.0347247915753173,0.6948430794221,0.0457435369522484,13.04,0.0585,1.999000499750125,4.987695608903158,0.50025
RSN322_COALINGA.H_H-CAK270.txt,0.2253791,1.3579593229906055,0.30605565005223195,0.0484858085776476,0.0324057498032533,0.6484390535631,0.0470409814049001,11.13,0.04,0.9495252373813092,3.299907610414876,1.053157894736842
RSN316_WESMORL_PTS225.txt,0.2295579,1.334138987790676,0.3062621443453532,0.0468187548626687,0.0330081769744627,0.6604936212589999,0.0438618360958822,12.38,0.0625,1.4992503748125936,4.715564541479349,0.667
RSN4276_FRIULI.P_W-BUI000.txt,0.2307788,1.3310750812353085,0.30718390995738704,0.0298866685675649,0.0127672195453243,0.25547206310194,0.0178731912909302,3.49,0.045,1.249375312343828,3.903148165644707,0.8004
RSN236_MAMMOTH.AH_A-CVK090.txt,0.2308483,1.33182877073377,0.30745040761498055,0.0379457079671008,0.0211551416381905,0.423314384180193,0.0288119338300212,6.140000000000001,0.095,2.6986506746626686,7.337361721933958,0.3705555555555556
RSN1100_KOBE_ABN090.txt,0.2309085,1.3362869697896946,0.3085600197636837,0.0383295091930841,0.0282262409678111,0.5648070817659001,0.0293977170124043,13.38,0.1525,0.3998000999500249,9.978645656328966,2.50125
RSN1948_ANZA1_LQB360.txt,0.2338491,1.323668396413826,0.30953866319981643,0.0228841549660349,0.0103025864655057,0.2061547551747709,0.0104789278156751,3.73,0.1415,2.998500749625187,9.39485359928864,0.3335
RSN313_CORINTH_COR--L.txt,0.236771,1.3096085302147265,0.310077321307471,0.0467036737196727,0.0311877258174942,0.62406639360806,0.043646475109662,12.83,0.048,1.8490754622688648,4.085030980967655,0.5408108108108108
RSN534_PALMSPR_H08090.txt,0.236983,1.3096246094434232,0.31035876881973073,0.0339243933878174,0.0200182959436481,0.4005661018324,0.0230287979792952,6.62,0.1645,1.5992003998001,11.490245079386558,0.6253125
RSN2050_YLINDA_13873360.txt,0.2407535,1.290520757397572,0.3106973891661164,0.0180379849575735,0.0063911743070839,0.12788739788475,0.0065106317156062,1.83,0.1315,4.0479760119940025,7.36932448535027,0.247037037037037
RSN31_PARKF_C08050.txt,0.2475253,1.2575397944011881,0.31127291487109243,0.0319429367980959,0.0211068764590404,0.4223485979454,0.0204172277378559,11.91,0.072,0.9495252373813092,7.005166141701836,1.053157894736842
RSN9071_14151344_AZPFOHLE.txt,0.24838642,1.2540274309267718,0.3114833841496981,0.0217273311425639,0.0093399156706358,0.1868917125694237,0.0094462591407584,2.76,0.3775,4.297851074462768,17.454523221146403,0.2326744186046511
RSN549_CHALFANT.A_A-LAD180.txt,0.2486099,1.2535352690368402,0.3116412778817219,0.039974269530539,0.0258242242982223,0.51674272820743,0.0319748239122486,10.45,0.0635,0.8495752123938031,6.920201114783538,1.1770588235294115
RSN4508_L-AQUILA.A_EF068YLN.txt,0.2488941,1.2555582189202876,0.31250103289576797,0.0271565493362185,0.0125419829421579,0.25096507867258,0.0147569382187279,3.46,0.1705,10.944527736131931,10.80159679968369,0.0913698630136986
RSN534_PALMSPR_H08000.txt,0.2490874,1.2547430688777788,0.3125406886947868,0.0329554736950736,0.0188448958031894,0.37708636502182,0.0217321255617985,7.46,0.1375,5.047476261869066,9.415086271764258,0.1981188118811881
RSN395_COALINGA_C-ATP360.txt,0.2492914,1.2550617477177672,0.312876100175009,0.0398730666008323,0.0192786674857326,0.3857661363895101,0.0318131274174898,4.43,0.0965,3.548225887056472,7.412332311650942,0.2818309859154929
RSN3571_SMART1.05_05O02NS.txt,0.2500068,1.2514955849192086,0.3128824063997796,0.0284112143050301,0.0142484425285672,0.28511133499663,0.0161520139367098,4.7700000000000005,0.083,2.2988505747126435,5.088517584238531,0.435
RSN8376_BEARCTY_CIBBRHLE.txt,0.25112915,1.2459795944999916,0.3129017964841276,0.0314920256151496,0.0131654345367491,0.263440345080351,0.0198448710236782,2.75,0.082,2.198900549725137,5.264813262350986,0.4547727272727273
RSN34_NCALIF.AG_C-FRN224.txt,0.2531911,1.23656530565822,0.31308732996144095,0.0181388780036468,0.0095920139001829,0.19193619814266,0.0065836680935759,9.73,0.0505,1.1994002998500748,7.136654320326807,0.8337500000000001
RSN508_SMART1.40_40M07NS.txt,0.2554167,1.2297447010780775,0.314097333391849,0.0284013633123322,0.0147412667317791,0.2949727473028999,0.0161408151343618,8.47,0.0385,0.6996501749125437,4.19821858857536,1.4292857142857145
RSN212_LIVERMOR_A-DVD246.txt,0.2560707,1.227223387029203,0.3142559517729389,0.0262834244069214,0.0145201740229235,0.2905486821987,0.0138232761550726,6.5200000000000005,0.06,0.4997501249375312,4.881039361176371,2.001
RSN1070_NORTHR_GRN270.txt,0.2572072,1.2309767561253455,0.316616084708083,0.0382372965191871,0.0256855550722818,0.51396795699636,0.0292564378103758,11.59,0.0835,1.949025487256372,6.205673123392866,0.5130769230769231
RSN222_LIVERMOR_B-LMO355.txt,0.2579996,1.229657738867223,0.31725120476464796,0.0347770764930247,0.0148046241083713,0.29624052840851,0.0242009954385279,2.21,0.079,5.547226386806597,6.180291004732759,0.1802702702702702
RSN720_SUPER.B_B-CAL315.txt,0.2589278,1.22875979535503,0.3181600705397281,0.04216445610408,0.0288165506880974,0.57661917926883,0.0355746055846433,12.41,0.084,5.697151424287855,6.672914487341142,0.1755263157894737
RSN132_FRIULI.B_B-FOC000.txt,0.2614631,1.218279157440468,0.3185350451697729,0.0307989024641653,0.0155956952947176,0.3120698628473,0.0189809335838733,4.5,0.1045,2.498750624687656,8.07631287115441,0.4002
RSN1135_KOZANI_C-KRP-NS.txt,0.2657606,1.1993719145024342,0.3187457996213156,0.0342376863577256,0.0193592574903253,0.38737874238141,0.0234561055342711,5.94,0.0745,2.498750624687656,6.397325613478249,0.4002
RSN248_MAMMOTH.L_L-CVK090.txt,0.2658099,1.2001878225186287,0.3190218050848944,0.0356470326562344,0.0208886782677793,0.4179824521382649,0.0254269258532648,6.76,0.1035,1.949025487256372,8.457239662518674,0.5130769230769231
RSN231_MAMMOTH.I_I-LUL090.txt,0.2682043,1.1936472156325644,0.320141315915681,0.0481927266307899,0.0325461486813043,0.6512484351129001,0.046474003391202,10.62,0.087,2.098950524737631,10.427385002604932,0.4764285714285715
RSN31_PARKF_C08320.txt,0.2717811,1.1819805751755295,0.3212399808998381,0.035179660350556,0.0216213984194552,0.4326441823732999,0.0247645461326335,10.02,0.076,2.048975512243878,6.279164269868722,0.4880487804878049
RSN33_PARKF_TMB295.txt,0.2727381,1.1811774082220128,0.3221520820813961,0.0314877940585343,0.0154666756222563,0.30948817920135,0.0198395383052002,5.37,0.059,2.598700649675162,4.775669296444447,0.3848076923076923
RSN1101_KOBE_AMA000.txt,0.2757828,1.1686185253349979,0.32228488904875663,0.0722522348879699,0.0502087042701724,1.00467617244615,0.1044599127805906,11.78,0.048,0.9995002498750624,6.478834195311423,1.0005
RSN787_LOMAP_SLC360.txt,0.2771317,1.166672920228942,0.32332204972701106,0.053732165196934,0.0352704153850025,0.7057610118539,0.0577717829907797,9.91,0.061,0.9995002498750624,4.283776787492787,1.0005
RSN3217_CHICHI.05_TCU129N.txt,0.2773581,1.1665713886801745,0.3235580238786947,0.0564455064019889,0.0376314172691604,0.7530046595559,0.0637537648114693,10.47,0.1465,5.797101449275362,7.543598066850304,0.1725
RSN223_LIVERMOR_B-KOD180.txt,0.2798793,1.1627248803581545,0.325422625607224,0.0285547150962808,0.0132643002181059,0.2654186473643,0.0163155888021377,5.63,0.042,1.299350324837581,3.529974666183249,0.7696153846153847
RSN410_COALINGA_D-PLM270.txt,0.2808987,1.1595386969772408,0.32571291258060087,0.0376738801663144,0.0206890789308845,0.413988469407,0.0284006181481842,6.92,0.097,2.048975512243878,7.282996475594412,0.4880487804878049
RSN71_SFERN_L12291.txt,0.28217,1.156550388632017,0.3263438231602962,0.0504260772749819,0.0302174920981309,0.6046520168835999,0.0508812132795424,10.87,0.1245,4.3478260869565215,10.628315330396315,0.23
RSN9590_10410337_14847360.txt,0.28250215,1.176223650585658,0.33228571017129716,0.0296034859735746,0.0115748513488012,0.2316127754895138,0.0175360912995705,2.97,0.1365,5.197401299350324,8.26730488653299,0.1924038461538461
RSN4508_L-AQUILA.A_EF068XTE.txt,0.2825828,1.1828377422222194,0.334249601142833,0.0302316285346997,0.0129282721143113,0.2586947250073699,0.01828816679084,2.37,0.164,4.0479760119940025,10.193251252957426,0.247037037037037
RSN725_SUPER.B_B-POE360.txt,0.2861789,1.1744813207313467,0.336111772437444,0.0753278409557357,0.0553862766886057,1.108279396539,0.1135424152972829,13.63,0.1215,2.2488755622188905,7.855943877404118,0.4446666666666666
RSN322_COALINGA.H_H-CAK360.txt,0.2884582,1.1722369587215504,0.3381413630862927,0.0605282664018483,0.0368726333771529,0.7378213938768299,0.0733100573825985,10.86,0.053,1.649175412293853,3.699740266978705,0.6063636363636364
RSN313_CORINTH_COR--T.txt,0.2964422,1.1423000866842246,0.33862595075686225,0.0519588778344067,0.0360887033834332,0.7221349547025001,0.0540214969660742,12.21,0.0545,2.348825587206397,4.691690396755959,0.4257446808510639
RSN243_MAMMOTH.AH_B-LUL000.txt,0.3018344,1.1235159471208738,0.3391157617896607,0.0374101324565025,0.0195393492342903,0.39098237817815,0.0280043553883654,5.3100000000000005,0.081,2.448775612193903,11.529645192355478,0.4083673469387755
RSN410_COALINGA_D-PLM360.txt,0.305148,1.1172322750151438,0.34092119425632106,0.0424626936186604,0.0225427859279495,0.45108114641827,0.036079637790538,5.87,0.094,1.4992503748125936,7.1621233358036,0.667
RSN4411_UBMARCHE.P_R-NCB090.txt,0.3114798,1.0964481891237854,0.3415214626586388,0.0260187855291735,0.0088961019977308,0.178011000974594,0.0135463137802667,1.87,0.1895,5.997001499250374,10.563813870504562,0.16675
RSN125_FRIULI.A_A-TMZ270.txt,0.3144492,1.087607715970343,0.3419973762007016,0.0623529036915609,0.0321687069990279,0.6436958270505501,0.0777965708213691,4.79,0.064,1.4992503748125936,5.475055914110739,0.667
RSN248_MAMMOTH.L_L-CVK180.txt,0.3144671,1.0894168141359153,0.3425857462325603,0.0406316880257586,0.0218330646511354,0.43687962366922,0.0330351907771698,4.79,0.1185,1.999000499750125,9.136601958791244,0.50025
RSN412_COALINGA_D-PVY135.txt,0.3148892,1.0898071849409117,0.3431685126202957,0.0316329980139157,0.0180398646554822,0.3609776917562,0.0200229377326014,7.31,0.079,3.898050974512744,8.224840964051605,0.2565384615384615
RSN11561_10275733_US707360.txt,0.31727072,1.1160535941682785,0.35409112738035753,0.0325253125282095,0.0136087038738672,0.2723101645160846,0.0211684980607046,2.25,0.2455,4.747626186906547,14.751287513585623,0.2106315789473684
RSN1101_KOBE_AMA090.txt,0.3268556,1.0849775266074384,0.3546309804457903,0.0768529020969836,0.050014923498127,1.000798619197522,0.1181864349001783,10.02,0.041,1.1494252873563218,6.248703358575579,0.8700000000000001
RSN458_MORGAN_G04360.txt,0.3487488,1.0192076246525328,0.3554474360484213,0.0495607343410375,0.0334867612771319,0.6700700931554099,0.0491498904323421,12.17,0.053,1.949025487256372,4.911335164715894,0.5130769230769231
RSN33_PARKF_TMB205.txt,0.3565246,0.9981687639679222,0.3558717193061579,0.0382418649956728,0.0173030707835682,0.3462344463792,0.0292634291693288,4.11,0.0555,2.648675662168916,4.742235924453827,0.3775471698113207
