txt_path,image_path,wave_dt,wave_length,wave_pga,wave_rms,wave_mean_abs,wave_cav,wave_arias_proxy,wave_duration_5_95,wave_zero_crossing_rate,wave_dominant_freq,wave_spectral_centroid,wave_predominant_period,wave_intensity_score,wave_cluster,split
X:/pyproject/Remote-Train/rawdata/Origin-earthquake-file/6000-uniform-scale-0.1-1.0/EQ114.txt,X:/pyproject/Remote-Train/rawdata/Scalogram/6000-1-20260525-211552/EQ114.png,0.02,6000,0.2157430648803711,0.03918063473199755,0.02282128855586052,2.7385547161102295,0.18421465656026556,50.120000000000005,0.017669611601933654,0.2583333333333333,0.9488745976538092,3.8709677419354844,0.85,0,test
X:/pyproject/Remote-Train/rawdata/Origin-earthquake-file/6000-uniform-scale-0.1-1.0/EQ116.txt,X:/pyproject/Remote-Train/rawdata/Scalogram/6000-1-20260525-211552/EQ116.png,0.02,6000,0.2173745185136795,0.032685329309228135,0.020164526998996735,2.419743299484253,0.1281996902463225,50.14,0.045507584597432905,0.6166666666666667,2.0103971233638673,1.6216216216216215,0.7583333333333333,0,test
X:/pyproject/Remote-Train/rawdata/Origin-earthquake-file/6000-uniform-scale-0.1-1.0/EQ149.txt,X:/pyproject/Remote-Train/rawdata/Scalogram/6000-1-20260525-211552/EQ149.png,0.02,6000,0.2242913395166397,0.03865214346830878,0.01873311586678028,2.247973918914795,0.17927858336336702,23.48,0.03350558426404401,0.3833333333333333,1.2733035397301047,2.608695652173913,0.7541666666666667,0,test
X:/pyproject/Remote-Train/rawdata/Origin-earthquake-file/6000-uniform-scale-0.1-1.0/EQ170.txt,X:/pyproject/Remote-Train/rawdata/Scalogram/6000-1-20260525-211552/EQ170.png,0.02,6000,0.22261613607406616,0.04488334602472799,0.0238588135689497,2.8630573749542236,0.24174177004505595,31.92,0.044007334555759295,0.16666666666666666,2.1667318600462098,6.0,0.8833333333333333,0,test
X:/pyproject/Remote-Train/rawdata/Origin-earthquake-file/6000-uniform-scale-0.1-1.0/EQ191.txt,X:/pyproject/Remote-Train/rawdata/Scalogram/6000-1-20260525-211552/EQ191.png,0.02,6000,0.20800714194774628,0.03166475142777537,0.016442473977804184,1.9730967283248901,0.1203187779579363,38.980000000000004,0.023670611768628103,0.425,1.2912276361447106,2.3529411764705883,0.6458333333333334,0,test
X:/pyproject/Remote-Train/rawdata/Origin-earthquake-file/6000-uniform-scale-0.1-1.0/EQ217.txt,X:/pyproject/Remote-Train/rawdata/Scalogram/6000-1-20260525-211552/EQ217.png,0.02,6000,0.1936708241701126,0.03684898722136549,0.02126493491232395,2.5517921447753906,0.16294174310884285,40.92,0.042507084514085684,0.18333333333333332,1.4735588209847275,5.454545454545455,0.7958333333333333,0,test
X:/pyproject/Remote-Train/rawdata/Origin-earthquake-file/6000-uniform-scale-0.1-1.0/EQ047.txt,X:/pyproject/Remote-Train/rawdata/Scalogram/6000-1-20260525-211552/EQ047.png,0.02,6000,0.15735408663749695,0.02035549095843105,0.012348784133791924,1.4818540811538696,0.04972152145905219,48.34,0.07817969661610269,2.05,1.9615542245804656,0.48780487804878053,0.35833333333333334,1,test
X:/pyproject/Remote-Train/rawdata/Origin-earthquake-file/6000-uniform-scale-0.1-1.0/EQ082.txt,X:/pyproject/Remote-Train/rawdata/Scalogram/6000-1-20260525-211552/EQ082.png,0.02,6000,0.19410154223442078,0.012909753514006351,0.00490263057872653,0.5883156657218933,0.01999940829508792,15.46,0.06884480746791131,1.0,2.6679423144463215,1.0,0.0875,1,test
X:/pyproject/Remote-Train/rawdata/Origin-earthquake-file/6000-uniform-scale-0.1-1.0/EQ087.txt,X:/pyproject/Remote-Train/rawdata/Scalogram/6000-1-20260525-211552/EQ087.png,0.02,6000,0.20005691051483154,0.027508201724361244,0.013652163557708263,1.6382595300674438,0.0908041394529781,25.42,0.050841806967827974,0.8166666666666667,2.7022168200188053,1.2244897959183674,0.49583333333333335,1,test
X:/pyproject/Remote-Train/rawdata/Origin-earthquake-file/6000-uniform-scale-0.1-1.0/EQ117.txt,X:/pyproject/Remote-Train/rawdata/Scalogram/6000-1-20260525-211552/EQ117.png,0.02,6000,0.21798749268054962,0.031388286338567585,0.016943175345659256,2.0331811904907227,0.11822694231262901,34.36,0.06917819636606101,1.525,3.1731834103511907,0.6557377049180328,0.675,1,test
X:/pyproject/Remote-Train/rawdata/Origin-earthquake-file/6000-uniform-scale-0.1-1.0/EQ132.txt,X:/pyproject/Remote-Train/rawdata/Scalogram/6000-1-20260525-211552/EQ132.png,0.02,6000,0.22172173857688904,0.024386937012234013,0.008558056317269802,1.0269666910171509,0.07136672362064031,9.46,0.03817302883813969,1.6333333333333333,2.602981189035111,0.6122448979591837,0.21666666666666667,1,test
X:/pyproject/Remote-Train/rawdata/Origin-earthquake-file/6000-uniform-scale-0.1-1.0/EQ216.txt,X:/pyproject/Remote-Train/rawdata/Scalogram/6000-1-20260525-211552/EQ216.png,0.02,6000,0.1931418925523758,0.023821404818623066,0.010932425037026405,1.311890959739685,0.0680951193039262,18.38,0.05367561260210035,1.25,2.328788850513533,0.8,0.31666666666666665,1,test
X:/pyproject/Remote-Train/rawdata/Origin-earthquake-file/6000-uniform-scale-0.1-1.0/EQ079.txt,X:/pyproject/Remote-Train/rawdata/Scalogram/6000-1-20260525-211552/EQ079.png,0.02,6000,0.18952058255672455,0.02669955050253632,0.013194135390222073,1.5832961797714233,0.0855439196444985,26.26,0.0516752792132022,0.19166666666666665,1.4971631564907864,5.217391304347826,0.475,2,test
X:/pyproject/Remote-Train/rawdata/Origin-earthquake-file/6000-uniform-scale-0.1-1.0/EQ086.txt,X:/pyproject/Remote-Train/rawdata/Scalogram/6000-1-20260525-211552/EQ086.png,0.02,6000,0.19873327016830444,0.023015561416794287,0.012731797993183136,1.5278156995773315,0.06356592807962759,43.64,0.039173195532588766,0.39166666666666666,2.1252337877351297,2.5531914893617023,0.43333333333333335,2,test
X:/pyproject/Remote-Train/rawdata/Origin-earthquake-file/6000-uniform-scale-0.1-1.0/EQ099.txt,X:/pyproject/Remote-Train/rawdata/Scalogram/6000-1-20260525-211552/EQ099.png,0.02,6000,0.20977114140987396,0.03033092562258084,0.014173410832881927,1.7008092403411865,0.1103958058947037,24.3,0.048174695782630436,0.425,1.773843742285962,2.3529411764705883,0.5333333333333333,2,test
X:/pyproject/Remote-Train/rawdata/Origin-earthquake-file/6000-uniform-scale-0.1-1.0/EQ105.txt,X:/pyproject/Remote-Train/rawdata/Scalogram/6000-1-20260525-211552/EQ105.png,0.02,6000,0.20958514511585236,0.03035848470557914,0.01478687021881342,1.774424433708191,0.1105965112342659,25.96,0.03333888981496916,0.20833333333333334,1.692055479639921,4.8,0.575,2,test
X:/pyproject/Remote-Train/rawdata/Origin-earthquake-file/6000-uniform-scale-0.1-1.0/EQ151.txt,X:/pyproject/Remote-Train/rawdata/Scalogram/6000-1-20260525-211552/EQ151.png,0.02,6000,0.2234741747379303,0.02929738809092599,0.01385449431836605,1.6625393629074097,0.10300043387403983,24.8,0.023503917319553258,0.7333333333333333,1.2475864604715716,1.3636363636363638,0.5291666666666667,2,test
X:/pyproject/Remote-Train/rawdata/Origin-earthquake-file/6000-uniform-scale-0.1-1.0/EQ164.txt,X:/pyproject/Remote-Train/rawdata/Scalogram/6000-1-20260525-211552/EQ164.png,0.02,6000,0.2264210283756256,0.030875920880434383,0.015616636723279953,1.873996376991272,0.11439869882578126,32.6,0.028671445240873478,0.325,1.2169724894407468,3.0769230769230766,0.625,2,test
X:/pyproject/Remote-Train/rawdata/Origin-earthquake-file/6000-uniform-scale-0.1-1.0/EQ175.txt,X:/pyproject/Remote-Train/rawdata/Scalogram/6000-1-20260525-211552/EQ175.png,0.02,6000,0.22116951644420624,0.03266745892616461,0.013665993697941303,1.6399192810058594,0.12805954472311823,12.3,0.037172862143690616,0.8583333333333333,1.47400190623797,1.1650485436893205,0.5458333333333333,2,test
X:/pyproject/Remote-Train/rawdata/Origin-earthquake-file/6000-uniform-scale-0.1-1.0/EQ200.txt,X:/pyproject/Remote-Train/rawdata/Scalogram/6000-1-20260525-211552/EQ200.png,0.02,6000,0.19955766201019287,0.028425886567583384,0.01494799554347992,1.7937594652175903,0.0969637232583741,36.42,0.057842973828971495,0.5166666666666666,2.183392328176667,1.9354838709677422,0.5583333333333333,2,test
X:/pyproject/Remote-Train/rawdata/Origin-earthquake-file/6000-uniform-scale-0.1-1.0/EQ060.txt,X:/pyproject/Remote-Train/rawdata/Scalogram/6000-1-20260525-211552/EQ060.png,0.02,6000,0.16962873935699463,0.02469759083871609,0.013853511773049831,1.6624213457107544,0.07319651918839597,35.160000000000004,0.12685447574595765,2.4833333333333334,3.468493598432981,0.40268456375838924,0.4791666666666667,3,test
X:/pyproject/Remote-Train/rawdata/Origin-earthquake-file/6000-uniform-scale-0.1-1.0/EQ001.txt,X:/pyproject/Remote-Train/rawdata/Scalogram/6000-1-20260525-211552/EQ001.png,0.02,6000,0.1302914023399353,0.00913129036353981,0.0035598697140812874,0.4271843731403351,0.010005655644393,12.82,0.03550591765294216,0.325,1.939847535895989,3.0769230769230766,0.03333333333333333,4,test
X:/pyproject/Remote-Train/rawdata/Origin-earthquake-file/6000-uniform-scale-0.1-1.0/EQ003.txt,X:/pyproject/Remote-Train/rawdata/Scalogram/6000-1-20260525-211552/EQ003.png,0.02,6000,0.10988663882017136,0.0064727167990458745,0.0024509355425834656,0.29411226511001587,0.005027527531278081,14.9,0.024837472912152027,0.35833333333333334,3.25496095203832,2.7906976744186047,0.004166666666666667,4,test
X:/pyproject/Remote-Train/rawdata/Origin-earthquake-file/6000-uniform-scale-0.1-1.0/EQ007.txt,X:/pyproject/Remote-Train/rawdata/Scalogram/6000-1-20260525-211552/EQ007.png,0.02,6000,0.11588745564222336,0.007060063031691257,0.003061366965994239,0.3673640489578247,0.005981338801374426,26.18,0.034505750958493085,0.5833333333333334,3.252982442430015,1.7142857142857142,0.008333333333333333,4,test
X:/pyproject/Remote-Train/rawdata/Origin-earthquake-file/6000-uniform-scale-0.1-1.0/EQ020.txt,X:/pyproject/Remote-Train/rawdata/Scalogram/6000-1-20260525-211552/EQ020.png,0.02,6000,0.13043682277202606,0.019254601079485463,0.009999093599617481,1.199891209602356,0.04448875952761473,22.42,0.038006334389064846,0.3,2.1951319618586216,3.3333333333333335,0.19583333333333333,4,test
X:/pyproject/Remote-Train/rawdata/Origin-earthquake-file/6000-uniform-scale-0.1-1.0/EQ035.txt,X:/pyproject/Remote-Train/rawdata/Scalogram/6000-1-20260525-211552/EQ035.png,0.02,6000,0.14280657470226288,0.018091475288704348,0.00815062876790762,0.978075385093689,0.03927617737461601,20.04,0.038839806634439075,0.9666666666666667,2.2698119873629294,1.0344827586206897,0.14583333333333334,4,test
X:/pyproject/Remote-Train/rawdata/Origin-earthquake-file/6000-uniform-scale-0.1-1.0/EQ040.txt,X:/pyproject/Remote-Train/rawdata/Scalogram/6000-1-20260525-211552/EQ040.png,0.02,6000,0.15062102675437927,0.01467732606928578,0.007333771791309118,0.8800526261329651,0.025850868065296316,27.12,0.056509418236372726,0.19166666666666665,2.4004163438997175,5.217391304347826,0.12916666666666668,4,test
X:/pyproject/Remote-Train/rawdata/Origin-earthquake-file/6000-uniform-scale-0.1-1.0/EQ065.txt,X:/pyproject/Remote-Train/rawdata/Scalogram/6000-1-20260525-211552/EQ065.png,0.02,6000,0.17543134093284607,0.019152289494205294,0.010226959362626076,1.2272350788116455,0.044017223144381584,37.18,0.044840806801133525,0.2,1.7613429446061577,5.0,0.25,4,test
X:/pyproject/Remote-Train/rawdata/Origin-earthquake-file/6000-uniform-scale-0.1-1.0/EQ125.txt,X:/pyproject/Remote-Train/rawdata/Scalogram/6000-1-20260525-211552/EQ125.png,0.02,6000,0.21722300350666046,0.0345386236377908,0.01894512213766575,2.2734146118164062,0.14314998273515533,37.92,0.03500583430571762,0.09166666666666666,2.2283506181342845,10.90909090909091,0.7166666666666667,5,test
X:/pyproject/Remote-Train/rawdata/Origin-earthquake-file/6000-uniform-scale-0.1-1.0/EQ157.txt,X:/pyproject/Remote-Train/rawdata/Scalogram/6000-1-20260525-211552/EQ157.png,0.02,6000,0.22286456823349,0.03741010144644808,0.01862577348947525,2.235092878341675,0.1679418828280244,25.98,0.030171695282547092,0.1,1.3611280164972657,10.0,0.7291666666666666,5,test
X:/pyproject/Remote-Train/rawdata/Origin-earthquake-file/6000-uniform-scale-0.1-1.0/EQ228.txt,X:/pyproject/Remote-Train/rawdata/Scalogram/6000-1-20260525-211552/EQ228.png,0.02,6000,0.17114655673503876,0.0354341009048342,0.025258347392082214,3.031001567840576,0.1506690608320766,88.38,0.03817302883813969,0.09166666666666666,2.3477203645132105,10.90909090909091,0.8583333333333333,5,test
X:/pyproject/Remote-Train/rawdata/Origin-earthquake-file/6000-uniform-scale-0.1-1.0/EQ004.txt,X:/pyproject/Remote-Train/rawdata/Scalogram/6000-1-20260525-211552/EQ004.png,0.02,6000,0.11228661239147186,0.02316350053767256,0.01624508947134018,1.9494106769561768,0.06438573085905082,53.4,0.013502250375062511,0.2833333333333333,0.8600306765539107,3.5294117647058822,0.5041666666666667,6,test
X:/pyproject/Remote-Train/rawdata/Origin-earthquake-file/6000-uniform-scale-0.1-1.0/EQ014.txt,X:/pyproject/Remote-Train/rawdata/Scalogram/6000-1-20260525-211552/EQ014.png,0.02,6000,0.12054097652435303,0.020844028818161865,0.012889414094388485,1.5467296838760376,0.05213682448468347,51.980000000000004,0.019336556092682113,0.3,1.2597931882636613,3.3333333333333335,0.3541666666666667,6,test
X:/pyproject/Remote-Train/rawdata/Origin-earthquake-file/6000-uniform-scale-0.1-1.0/EQ048.txt,X:/pyproject/Remote-Train/rawdata/Scalogram/6000-1-20260525-211552/EQ048.png,0.02,6000,0.15939833223819733,0.03371865881733871,0.026088479906320572,3.130617618560791,0.1364337542928112,100.96000000000001,0.015335889314885814,0.3333333333333333,1.1177926513593799,3.0,0.8625,6,test
X:/pyproject/Remote-Train/rawdata/Origin-earthquake-file/6000-uniform-scale-0.1-1.0/EQ059.txt,X:/pyproject/Remote-Train/rawdata/Scalogram/6000-1-20260525-211552/EQ059.png,0.02,6000,0.1683027297258377,0.04486179847013081,0.03424828127026558,4.109793663024902,0.24150971543695576,93.56,0.041673612268711455,0.9666666666666667,1.6055272237797893,1.0344827586206897,0.95,7,test
X:/pyproject/Remote-Train/rawdata/Origin-earthquake-file/6000-uniform-scale-0.1-1.0/EQ083.txt,X:/pyproject/Remote-Train/rawdata/Scalogram/6000-1-20260525-211552/EQ083.png,0.02,6000,0.19503994286060333,0.04539014936929521,0.032673101872205734,3.920772075653076,0.24723187917203163,83.32000000000001,0.040006667777962995,0.36666666666666664,1.7627884818885005,2.7272727272727275,0.9416666666666667,7,test
X:/pyproject/Remote-Train/rawdata/Origin-earthquake-file/6000-uniform-scale-0.1-1.0/EQ104.txt,X:/pyproject/Remote-Train/rawdata/Scalogram/6000-1-20260525-211552/EQ104.png,0.02,6000,0.20903262495994568,0.04212726126494328,0.03159328177571297,3.791193723678589,0.21296473700217491,97.46000000000001,0.05367561260210035,0.19166666666666665,2.227840283640385,5.217391304347826,0.9208333333333333,7,test
X:/pyproject/Remote-Train/rawdata/Origin-earthquake-file/6000-uniform-scale-0.1-1.0/EQ220.txt,X:/pyproject/Remote-Train/rawdata/Scalogram/6000-1-20260525-211552/EQ220.png,0.02,6000,0.1919306367635727,0.046705693725234566,0.03187699615955353,3.825239419937134,0.2617706191626498,108.82000000000001,0.028004667444574097,0.10833333333333334,1.796122579697765,9.23076923076923,0.9333333333333333,7,test
X:/pyproject/Remote-Train/rawdata/Origin-earthquake-file/6000-uniform-scale-0.1-1.0/EQ045.txt,X:/pyproject/Remote-Train/rawdata/Scalogram/6000-1-20260525-211552/EQ045.png,0.02,6000,0.15846771001815796,0.03093562224482625,0.01983247511088848,2.379896879196167,0.11484152684095066,42.300000000000004,0.029504917486247707,0.35833333333333334,1.6778308076520838,2.7906976744186047,0.6916666666666667,0,train
X:/pyproject/Remote-Train/rawdata/Origin-earthquake-file/6000-uniform-scale-0.1-1.0/EQ051.txt,X:/pyproject/Remote-Train/rawdata/Scalogram/6000-1-20260525-211552/EQ051.png,0.02,6000,0.1643109917640686,0.03771810343105664,0.021891940385103226,2.62703275680542,0.1707186391723064,40.72,0.020336722787131188,0.39166666666666666,1.681987896651143,2.5531914893617023,0.8,0,train
X:/pyproject/Remote-Train/rawdata/Origin-earthquake-file/6000-uniform-scale-0.1-1.0/EQ067.txt,X:/pyproject/Remote-Train/rawdata/Scalogram/6000-1-20260525-211552/EQ067.png,0.02,6000,0.17814719676971436,0.03398835778584545,0.020547721534967422,2.465726613998413,0.1386250157974369,46.12,0.032838806467744626,0.3416666666666667,2.3825758679517186,2.926829268292683,0.7458333333333333,0,train
X:/pyproject/Remote-Train/rawdata/Origin-earthquake-file/6000-uniform-scale-0.1-1.0/EQ070.txt,X:/pyproject/Remote-Train/rawdata/Scalogram/6000-1-20260525-211552/EQ070.png,0.02,6000,0.1807374209165573,0.038521727913843846,0.021939082071185112,2.6326897144317627,0.17807082257618592,39.26,0.037172862143690616,0.5166666666666666,2.6292970022704485,1.9354838709677422,0.8208333333333333,0,train
X:/pyproject/Remote-Train/rawdata/Origin-earthquake-file/6000-uniform-scale-0.1-1.0/EQ096.txt,X:/pyproject/Remote-Train/rawdata/Scalogram/6000-1-20260525-211552/EQ096.png,0.02,6000,0.20534896850585938,0.03256934683748305,0.016820183023810387,2.0184218883514404,0.12729148241043206,28.16,0.03267211201866978,0.225,1.3432550966121268,4.444444444444445,0.6625,0,train
X:/pyproject/Remote-Train/rawdata/Origin-earthquake-file/6000-uniform-scale-0.1-1.0/EQ102.txt,X:/pyproject/Remote-Train/rawdata/Scalogram/6000-1-20260525-211552/EQ102.png,0.02,6000,0.21067672967910767,0.034412621636791416,0.021285856142640114,2.55430269241333,0.14210742335003576,52.18,0.03217202867144524,0.39166666666666666,2.3100433771324,2.5531914893617023,0.7875,0,train
X:/pyproject/Remote-Train/rawdata/Origin-earthquake-file/6000-uniform-scale-0.1-1.0/EQ118.txt,X:/pyproject/Remote-Train/rawdata/Scalogram/6000-1-20260525-211552/EQ118.png,0.02,6000,0.21855725347995758,0.04133980991923055,0.025131460279226303,3.015774965286255,0.20507758609897353,44.26,0.018169694949158193,0.575,1.2014537879040061,1.7391304347826089,0.8875,0,train
X:/pyproject/Remote-Train/rawdata/Origin-earthquake-file/6000-uniform-scale-0.1-1.0/EQ120.txt,X:/pyproject/Remote-Train/rawdata/Scalogram/6000-1-20260525-211552/EQ120.png,0.02,6000,0.2195475548505783,0.035981977382976135,0.01817913167178631,2.1814956665039062,0.15536432356668076,30.42,0.030505084180696782,0.3333333333333333,1.6675690303867565,3.0,0.7083333333333334,0,train
X:/pyproject/Remote-Train/rawdata/Origin-earthquake-file/6000-uniform-scale-0.1-1.0/EQ134.txt,X:/pyproject/Remote-Train/rawdata/Scalogram/6000-1-20260525-211552/EQ134.png,0.02,6000,0.22341197729110718,0.03496654352017206,0.020224643871188164,2.426957130432129,0.14671909988977042,41.160000000000004,0.032005334222370396,0.8666666666666667,1.539616382952876,1.1538461538461537,0.775,0,train
X:/pyproject/Remote-Train/rawdata/Origin-earthquake-file/6000-uniform-scale-0.1-1.0/EQ139.txt,X:/pyproject/Remote-Train/rawdata/Scalogram/6000-1-20260525-211552/EQ139.png,0.02,6000,0.22817698121070862,0.03353494896600597,0.018938394263386726,2.2726073265075684,0.134951136258315,44.24,0.052342057009501584,0.125,2.2031900363494983,8.0,0.7208333333333333,0,train
X:/pyproject/Remote-Train/rawdata/Origin-earthquake-file/6000-uniform-scale-0.1-1.0/EQ140.txt,X:/pyproject/Remote-Train/rawdata/Scalogram/6000-1-20260525-211552/EQ140.png,0.02,6000,0.2270432710647583,0.03348817514416838,0.017089005559682846,2.050680637359619,0.13457494493837965,43.4,0.021003500583430573,0.13333333333333333,0.7830953931138552,7.5,0.6833333333333333,0,train
X:/pyproject/Remote-Train/rawdata/Origin-earthquake-file/6000-uniform-scale-0.1-1.0/EQ152.txt,X:/pyproject/Remote-Train/rawdata/Scalogram/6000-1-20260525-211552/EQ152.png,0.02,6000,0.22238296270370483,0.041978477100579774,0.02686261013150215,3.223513126373291,0.2114631047620681,70.26,0.027004500750125022,0.1,0.9972531826852494,10.0,0.8958333333333334,0,train
X:/pyproject/Remote-Train/rawdata/Origin-earthquake-file/6000-uniform-scale-0.1-1.0/EQ154.txt,X:/pyproject/Remote-Train/rawdata/Scalogram/6000-1-20260525-211552/EQ154.png,0.02,6000,0.22280651330947876,0.04453487146703553,0.02343502826988697,2.8122034072875977,0.23800257319024506,32.42,0.033672278713118856,0.675,1.416651707198404,1.4814814814814814,0.875,0,train
X:/pyproject/Remote-Train/rawdata/Origin-earthquake-file/6000-uniform-scale-0.1-1.0/EQ159.txt,X:/pyproject/Remote-Train/rawdata/Scalogram/6000-1-20260525-211552/EQ159.png,0.02,6000,0.22428205609321594,0.03581334804143693,0.019481055438518524,2.337726593017578,0.15391150775245133,36.62,0.041673612268711455,0.16666666666666666,1.4827120308731114,6.0,0.7666666666666667,0,train
X:/pyproject/Remote-Train/rawdata/Origin-earthquake-file/6000-uniform-scale-0.1-1.0/EQ166.txt,X:/pyproject/Remote-Train/rawdata/Scalogram/6000-1-20260525-211552/EQ166.png,0.02,6000,0.22730867564678192,0.03678305194347869,0.016353892162442207,1.9624669551849365,0.16235914923319814,19.68,0.034005667611268546,0.375,1.4053492243533579,2.6666666666666665,0.6791666666666667,0,train
X:/pyproject/Remote-Train/rawdata/Origin-earthquake-file/6000-uniform-scale-0.1-1.0/EQ171.txt,X:/pyproject/Remote-Train/rawdata/Scalogram/6000-1-20260525-211552/EQ171.png,0.02,6000,0.2222839593887329,0.04322833698800081,0.023913495242595673,2.869619369506836,0.2242426942497791,32.92,0.022837139523253877,0.5083333333333333,0.9424294044789391,1.9672131147540985,0.8791666666666667,0,train
X:/pyproject/Remote-Train/rawdata/Origin-earthquake-file/6000-uniform-scale-0.1-1.0/EQ174.txt,X:/pyproject/Remote-Train/rawdata/Scalogram/6000-1-20260525-211552/EQ174.png,0.02,6000,0.22349266707897186,0.034739389666810984,0.02371581457555294,2.845897674560547,0.14481902333070404,77.68,0.032505417569594935,0.18333333333333332,1.4525955548536593,5.454545454545455,0.8541666666666666,0,train
X:/pyproject/Remote-Train/rawdata/Origin-earthquake-file/6000-uniform-scale-0.1-1.0/EQ176.txt,X:/pyproject/Remote-Train/rawdata/Scalogram/6000-1-20260525-211552/EQ176.png,0.02,6000,0.22182327508926392,0.03299848276526851,0.015621170401573181,1.8745403289794922,0.1306679837771668,25.86,0.023837306217702952,0.225,1.1594302412333242,4.444444444444445,0.6375,0,train
X:/pyproject/Remote-Train/rawdata/Origin-earthquake-file/6000-uniform-scale-0.1-1.0/EQ181.txt,X:/pyproject/Remote-Train/rawdata/Scalogram/6000-1-20260525-211552/EQ181.png,0.02,6000,0.21148552000522614,0.03625100271539932,0.020401397719979286,2.448167562484741,0.15769622374462663,44.54,0.025670945157526253,0.7583333333333333,1.0027630152717548,1.3186813186813187,0.7791666666666667,0,train
X:/pyproject/Remote-Train/rawdata/Origin-earthquake-file/6000-uniform-scale-0.1-1.0/EQ189.txt,X:/pyproject/Remote-Train/rawdata/Scalogram/6000-1-20260525-211552/EQ189.png,0.02,6000,0.20908278226852417,0.03744550040549793,0.022829299792647362,2.739516019821167,0.1682598600741775,38.02,0.07101183530588431,0.575,2.297956307947692,1.7391304347826089,0.8333333333333334,0,train
X:/pyproject/Remote-Train/rawdata/Origin-earthquake-file/6000-uniform-scale-0.1-1.0/EQ194.txt,X:/pyproject/Remote-Train/rawdata/Scalogram/6000-1-20260525-211552/EQ194.png,0.02,6000,0.20361439883708954,0.034685850239508535,0.023863954469561577,2.8636746406555176,0.14437298482051372,67.64,0.01833638939823304,0.275,0.8060489394175129,3.6363636363636362,0.8458333333333333,0,train
X:/pyproject/Remote-Train/rawdata/Origin-earthquake-file/6000-uniform-scale-0.1-1.0/EQ199.txt,X:/pyproject/Remote-Train/rawdata/Scalogram/6000-1-20260525-211552/EQ199.png,0.02,6000,0.19907687604427338,0.03375448754831601,0.02004886604845524,2.4058640003204346,0.1367238515579305,45.88,0.025170861810301717,0.175,1.4374276125354335,5.714285714285714,0.7375,0,train
X:/pyproject/Remote-Train/rawdata/Origin-earthquake-file/6000-uniform-scale-0.1-1.0/EQ207.txt,X:/pyproject/Remote-Train/rawdata/Scalogram/6000-1-20260525-211552/EQ207.png,0.02,6000,0.19644004106521606,0.03438352276886135,0.02195548079907894,2.634657621383667,0.14186719655961685,52.620000000000005,0.023837306217702952,0.21666666666666667,1.3253444290372807,4.615384615384615,0.8083333333333333,0,train
X:/pyproject/Remote-Train/rawdata/Origin-earthquake-file/6000-uniform-scale-0.1-1.0/EQ213.txt,X:/pyproject/Remote-Train/rawdata/Scalogram/6000-1-20260525-211552/EQ213.png,0.02,6000,0.19488993287086487,0.043185668917038796,0.0276411771774292,3.316941261291504,0.22380023997745088,54.28,0.018503083847307884,0.20833333333333334,0.7662863521085759,4.8,0.9,0,train
X:/pyproject/Remote-Train/rawdata/Origin-earthquake-file/6000-uniform-scale-0.1-1.0/EQ030.txt,X:/pyproject/Remote-Train/rawdata/Scalogram/6000-1-20260525-211552/EQ030.png,0.02,6000,0.13681428134441376,0.024362457163781607,0.014379109255969524,1.72549307346344,0.07122351828685124,44.06,0.05484247374562427,2.05,2.93713087561404,0.48780487804878053,0.4625,1,train
X:/pyproject/Remote-Train/rawdata/Origin-earthquake-file/6000-uniform-scale-0.1-1.0/EQ039.txt,X:/pyproject/Remote-Train/rawdata/Scalogram/6000-1-20260525-211552/EQ039.png,0.02,6000,0.1499970406293869,0.023843496616458053,0.0139907943084836,1.6788952350616455,0.0682214797078856,44.54,0.06684447407901317,1.325,1.9533827143728821,0.7547169811320755,0.45,1,train
X:/pyproject/Remote-Train/rawdata/Origin-earthquake-file/6000-uniform-scale-0.1-1.0/EQ075.txt,X:/pyproject/Remote-Train/rawdata/Scalogram/6000-1-20260525-211552/EQ075.png,0.02,6000,0.18350772559642792,0.022891599461391916,0.009312301874160767,1.117476224899292,0.06288303910809584,14.74,0.09418236372728789,0.675,2.6372868131687537,1.4814814814814814,0.22083333333333333,1,train
X:/pyproject/Remote-Train/rawdata/Origin-earthquake-file/6000-uniform-scale-0.1-1.0/EQ076.txt,X:/pyproject/Remote-Train/rawdata/Scalogram/6000-1-20260525-211552/EQ076.png,0.02,6000,0.1852947622537613,0.018216203978918908,0.006866042502224445,0.8239250779151917,0.03981961048818973,12.02,0.07917986331055175,1.6833333333333333,3.0339490581061495,0.594059405940594,0.13333333333333333,1,train
X:/pyproject/Remote-Train/rawdata/Origin-earthquake-file/6000-uniform-scale-0.1-1.0/EQ084.txt,X:/pyproject/Remote-Train/rawdata/Scalogram/6000-1-20260525-211552/EQ084.png,0.02,6000,0.19647060334682465,0.02062384062929419,0.008412047289311886,1.0094456672668457,0.051041136276303085,12.9,0.06117686281046841,1.2833333333333332,2.095557631330676,0.7792207792207793,0.17916666666666667,1,train
X:/pyproject/Remote-Train/rawdata/Origin-earthquake-file/6000-uniform-scale-0.1-1.0/EQ088.txt,X:/pyproject/Remote-Train/rawdata/Scalogram/6000-1-20260525-211552/EQ088.png,0.02,6000,0.20140071213245392,0.02929109519632223,0.014526911079883575,1.7432293891906738,0.10295619093600135,28.34,0.05767627937989665,1.8833333333333333,3.0188224244280835,0.5309734513274337,0.5416666666666666,1,train
X:/pyproject/Remote-Train/rawdata/Origin-earthquake-file/6000-uniform-scale-0.1-1.0/EQ097.txt,X:/pyproject/Remote-Train/rawdata/Scalogram/6000-1-20260525-211552/EQ097.png,0.02,6000,0.2065487951040268,0.03125383271827941,0.01192125491797924,1.430550456047058,0.11721624714986309,20.5,0.09784964160693449,0.85,1.6363585268457854,1.1764705882352942,0.44166666666666665,1,train
X:/pyproject/Remote-Train/rawdata/Origin-earthquake-file/6000-uniform-scale-0.1-1.0/EQ100.txt,X:/pyproject/Remote-Train/rawdata/Scalogram/6000-1-20260525-211552/EQ100.png,0.02,6000,0.2091825306415558,0.0354506344779667,0.0193608570843935,2.323302984237671,0.15080969818684817,38.24,0.07451241873645607,1.8333333333333333,2.963299301433912,0.5454545454545455,0.7333333333333333,1,train
X:/pyproject/Remote-Train/rawdata/Origin-earthquake-file/6000-uniform-scale-0.1-1.0/EQ101.txt,X:/pyproject/Remote-Train/rawdata/Scalogram/6000-1-20260525-211552/EQ101.png,0.02,6000,0.21046309173107147,0.024924765057972368,0.008966431021690369,1.0759717226028442,0.07454926958341443,13.120000000000001,0.06617769628271379,1.1083333333333334,2.3630202586240694,0.9022556390977443,0.2375,1,train
X:/pyproject/Remote-Train/rawdata/Origin-earthquake-file/6000-uniform-scale-0.1-1.0/EQ110.txt,X:/pyproject/Remote-Train/rawdata/Scalogram/6000-1-20260525-211552/EQ110.png,0.02,6000,0.214116171002388,0.03557102199566186,0.019536638632416725,2.3443965911865234,0.15183571269790322,36.72,0.06851141856976163,0.36666666666666664,3.2184578062433147,2.7272727272727275,0.75,1,train
X:/pyproject/Remote-Train/rawdata/Origin-earthquake-file/6000-uniform-scale-0.1-1.0/EQ111.txt,X:/pyproject/Remote-Train/rawdata/Scalogram/6000-1-20260525-211552/EQ111.png,0.02,6000,0.21430978178977966,0.03422058456778147,0.01993517577648163,2.392220973968506,0.14052580897928202,38.72,0.06317719619936656,1.5333333333333332,2.2832082768919486,0.6521739130434783,0.7625,1,train
X:/pyproject/Remote-Train/rawdata/Origin-earthquake-file/6000-uniform-scale-0.1-1.0/EQ112.txt,X:/pyproject/Remote-Train/rawdata/Scalogram/6000-1-20260525-211552/EQ112.png,0.02,6000,0.215109184384346,0.02484984596880278,0.011460711248219013,1.375285267829895,0.07410178136078686,26.14,0.08868144690781797,0.6583333333333333,2.6288523730900035,1.518987341772152,0.3875,1,train
X:/pyproject/Remote-Train/rawdata/Origin-earthquake-file/6000-uniform-scale-0.1-1.0/EQ121.txt,X:/pyproject/Remote-Train/rawdata/Scalogram/6000-1-20260525-211552/EQ121.png,0.02,6000,0.2142808735370636,0.02043175820263442,0.007638938724994659,0.9166726469993591,0.05009480919011028,15.74,0.07267877979663277,0.8,2.5797786199817136,1.25,0.15416666666666667,1,train
X:/pyproject/Remote-Train/rawdata/Origin-earthquake-file/6000-uniform-scale-0.1-1.0/EQ129.txt,X:/pyproject/Remote-Train/rawdata/Scalogram/6000-1-20260525-211552/EQ129.png,0.02,6000,0.21773415803909302,0.02672258599195533,0.012649745680391788,1.5179694890975952,0.08569159225169366,22.22,0.04417402900483414,1.375,1.859807275259237,0.7272727272727273,0.4708333333333333,1,train
X:/pyproject/Remote-Train/rawdata/Origin-earthquake-file/6000-uniform-scale-0.1-1.0/EQ135.txt,X:/pyproject/Remote-Train/rawdata/Scalogram/6000-1-20260525-211552/EQ135.png,0.02,6000,0.22462603449821472,0.02261035066813838,0.008952605538070202,1.074312686920166,0.06134735488034227,14.620000000000001,0.08301383563927321,0.8333333333333334,2.7807887167126992,1.2,0.23333333333333334,1,train
X:/pyproject/Remote-Train/rawdata/Origin-earthquake-file/6000-uniform-scale-0.1-1.0/EQ148.txt,X:/pyproject/Remote-Train/rawdata/Scalogram/6000-1-20260525-211552/EQ148.png,0.02,6000,0.22448861598968506,0.02624849833444729,0.012449291534721851,1.4939149618148804,0.08267803977761787,27.1,0.0655109184864144,1.6166666666666667,2.5909061329489984,0.6185567010309279,0.45416666666666666,1,train
X:/pyproject/Remote-Train/rawdata/Origin-earthquake-file/6000-uniform-scale-0.1-1.0/EQ156.txt,X:/pyproject/Remote-Train/rawdata/Scalogram/6000-1-20260525-211552/EQ156.png,0.02,6000,0.22170576453208923,0.026361083783198732,0.013920457102358341,1.6704548597335815,0.0833888085869788,30.86,0.061010168361393564,0.8666666666666667,2.295716141760046,1.1538461538461537,0.5166666666666667,1,train
X:/pyproject/Remote-Train/rawdata/Origin-earthquake-file/6000-uniform-scale-0.1-1.0/EQ167.txt,X:/pyproject/Remote-Train/rawdata/Scalogram/6000-1-20260525-211552/EQ167.png,0.02,6000,0.22660402953624725,0.031150427626083853,0.016715126112103462,2.005815029144287,0.11644189695454657,35.78,0.07317886314385731,1.1083333333333334,3.312565104694658,0.9022556390977443,0.6666666666666666,1,train
X:/pyproject/Remote-Train/rawdata/Origin-earthquake-file/6000-uniform-scale-0.1-1.0/EQ184.txt,X:/pyproject/Remote-Train/rawdata/Scalogram/6000-1-20260525-211552/EQ184.png,0.02,6000,0.21225841343402863,0.01692411371865973,0.005358768627047539,0.6430522203445435,0.03437107501945517,11.96,0.09884980830138357,1.6083333333333334,3.08201076484538,0.6217616580310881,0.10833333333333334,1,train
X:/pyproject/Remote-Train/rawdata/Origin-earthquake-file/6000-uniform-scale-0.1-1.0/EQ192.txt,X:/pyproject/Remote-Train/rawdata/Scalogram/6000-1-20260525-211552/EQ192.png,0.02,6000,0.20824067294597626,0.02217578667371575,0.011362102814018726,1.3634523153305054,0.05901186175177787,32.22,0.07067844640773462,0.6166666666666667,2.610288876209393,1.6216216216216215,0.3625,1,train
X:/pyproject/Remote-Train/rawdata/Origin-earthquake-file/6000-uniform-scale-0.1-1.0/EQ195.txt,X:/pyproject/Remote-Train/rawdata/Scalogram/6000-1-20260525-211552/EQ195.png,0.02,6000,0.2017706036567688,0.03450739185941801,0.018758555874228477,2.2510266304016113,0.14289121115273137,33.0,0.07284547424570761,0.55,2.487842805933502,1.8181818181818181,0.7041666666666667,1,train
X:/pyproject/Remote-Train/rawdata/Origin-earthquake-file/6000-uniform-scale-0.1-1.0/EQ196.txt,X:/pyproject/Remote-Train/rawdata/Scalogram/6000-1-20260525-211552/EQ196.png,0.02,6000,0.20118284225463867,0.02903779642936471,0.01966933161020279,2.3603198528289795,0.10118323457678713,81.0,0.08651441906984497,1.9749999999999999,2.3443186162014014,0.5063291139240507,0.7,1,train
X:/pyproject/Remote-Train/rawdata/Origin-earthquake-file/6000-uniform-scale-0.1-1.0/EQ197.txt,X:/pyproject/Remote-Train/rawdata/Scalogram/6000-1-20260525-211552/EQ197.png,0.02,6000,0.20154504477977753,0.023349724109698693,0.012232048436999321,1.4678456783294678,0.06542515391988533,31.220000000000002,0.08918153025504251,0.4,3.181069309238831,2.5,0.4041666666666667,1,train
X:/pyproject/Remote-Train/rawdata/Origin-earthquake-file/6000-uniform-scale-0.1-1.0/EQ204.txt,X:/pyproject/Remote-Train/rawdata/Scalogram/6000-1-20260525-211552/EQ204.png,0.02,6000,0.19733481109142303,0.029989695447225812,0.021332502365112305,2.5599000453948975,0.10792581996208281,85.4,0.08701450241706951,2.15,2.3938275831973055,0.46511627906976744,0.7708333333333334,1,train
X:/pyproject/Remote-Train/rawdata/Origin-earthquake-file/6000-uniform-scale-0.1-1.0/EQ211.txt,X:/pyproject/Remote-Train/rawdata/Scalogram/6000-1-20260525-211552/EQ211.png,0.02,6000,0.19715867936611176,0.020932521415204196,0.009773878380656242,1.172865390777588,0.05258045433575787,32.54,0.050675112518753125,1.2416666666666667,2.8850850075901966,0.8053691275167785,0.25416666666666665,1,train
X:/pyproject/Remote-Train/rawdata/Origin-earthquake-file/6000-uniform-scale-0.1-1.0/EQ221.txt,X:/pyproject/Remote-Train/rawdata/Scalogram/6000-1-20260525-211552/EQ221.png,0.02,6000,0.18949443101882935,0.02552887480789091,0.011161445640027523,1.3393734693527222,0.07820681387483606,27.82,0.043507251208534756,1.15,2.450471198254397,0.8695652173913044,0.35,1,train
X:/pyproject/Remote-Train/rawdata/Origin-earthquake-file/6000-uniform-scale-0.1-1.0/EQ223.txt,X:/pyproject/Remote-Train/rawdata/Scalogram/6000-1-20260525-211552/EQ223.png,0.02,6000,0.18231362104415894,0.025280918652615832,0.01599593088030815,1.9195116758346558,0.0766949817504215,59.54,0.028838139689948326,1.5333333333333332,2.0584754880846114,0.6521739130434783,0.5708333333333333,1,train
X:/pyproject/Remote-Train/rawdata/Origin-earthquake-file/6000-uniform-scale-0.1-1.0/EQ229.txt,X:/pyproject/Remote-Train/rawdata/Scalogram/6000-1-20260525-211552/EQ229.png,0.02,6000,0.16920779645442963,0.020158024054776128,0.010421855375170708,1.2506226301193237,0.04876151205515196,41.62,0.048341390231705285,1.5583333333333333,1.8558853486523377,0.6417112299465241,0.25833333333333336,1,train
X:/pyproject/Remote-Train/rawdata/Origin-earthquake-file/6000-uniform-scale-0.1-1.0/EQ038.txt,X:/pyproject/Remote-Train/rawdata/Scalogram/6000-1-20260525-211552/EQ038.png,0.02,6000,0.1476874053478241,0.025533189624715704,0.01299750991165638,1.5597012042999268,0.07823325268940277,24.96,0.015669278213035504,0.23333333333333334,0.7516029122407005,4.285714285714286,0.4083333333333333,2,train
X:/pyproject/Remote-Train/rawdata/Origin-earthquake-file/6000-uniform-scale-0.1-1.0/EQ050.txt,X:/pyproject/Remote-Train/rawdata/Scalogram/6000-1-20260525-211552/EQ050.png,0.02,6000,0.162519633769989,0.02382523034010708,0.01230524480342865,1.4766292572021484,0.06811699209109909,27.6,0.03333888981496916,0.7166666666666667,1.309673049817567,1.3953488372093024,0.37083333333333335,2,train
X:/pyproject/Remote-Train/rawdata/Origin-earthquake-file/6000-uniform-scale-0.1-1.0/EQ054.txt,X:/pyproject/Remote-Train/rawdata/Scalogram/6000-1-20260525-211552/EQ054.png,0.02,6000,0.1670026034116745,0.02468549556038528,0.011502658948302269,1.3803189992904663,0.07312484292741617,26.5,0.039673278879813305,0.20833333333333334,1.9759722098601473,4.8,0.3375,2,train
X:/pyproject/Remote-Train/rawdata/Origin-earthquake-file/6000-uniform-scale-0.1-1.0/EQ061.txt,X:/pyproject/Remote-Train/rawdata/Scalogram/6000-1-20260525-211552/EQ061.png,0.02,6000,0.1712588518857956,0.02961902389372916,0.01601448282599449,1.9217379093170166,0.10527438917007587,36.08,0.036506084347391235,0.7666666666666666,1.5191863456323473,1.3043478260869565,0.5791666666666667,2,train
X:/pyproject/Remote-Train/rawdata/Origin-earthquake-file/6000-uniform-scale-0.1-1.0/EQ072.txt,X:/pyproject/Remote-Train/rawdata/Scalogram/6000-1-20260525-211552/EQ072.png,0.02,6000,0.18313217163085938,0.02348106811523715,0.011203055270016193,1.3443665504455566,0.06616326717988882,23.32,0.056009334889148193,0.35833333333333334,2.4195224118755907,2.7906976744186047,0.325,2,train
X:/pyproject/Remote-Train/rawdata/Origin-earthquake-file/6000-uniform-scale-0.1-1.0/EQ077.txt,X:/pyproject/Remote-Train/rawdata/Scalogram/6000-1-20260525-211552/EQ077.png,0.02,6000,0.18703733384609222,0.020888140364519536,0.010665956884622574,1.2799148559570312,0.05235772894654444,26.080000000000002,0.04217369561593599,0.275,2.1162346819245097,3.6363636363636362,0.2833333333333333,2,train
X:/pyproject/Remote-Train/rawdata/Origin-earthquake-file/6000-uniform-scale-0.1-1.0/EQ078.txt,X:/pyproject/Remote-Train/rawdata/Scalogram/6000-1-20260525-211552/EQ078.png,0.02,6000,0.18826672434806824,0.028954732596572743,0.015185842290520668,1.8223010301589966,0.10060518476868387,31.28,0.030005000833472247,0.3333333333333333,1.3646638673046259,3.0,0.5625,2,train
X:/pyproject/Remote-Train/rawdata/Origin-earthquake-file/6000-uniform-scale-0.1-1.0/EQ081.txt,X:/pyproject/Remote-Train/rawdata/Scalogram/6000-1-20260525-211552/EQ081.png,0.02,6000,0.19304493069648743,0.02479900648588401,0.010084846056997776,1.210181474685669,0.07379888672243005,21.86,0.043507251208534756,0.48333333333333334,1.7260883996577938,2.0689655172413794,0.275,2,train
X:/pyproject/Remote-Train/rawdata/Origin-earthquake-file/6000-uniform-scale-0.1-1.0/EQ090.txt,X:/pyproject/Remote-Train/rawdata/Scalogram/6000-1-20260525-211552/EQ090.png,0.02,6000,0.2039257287979126,0.023187924099147866,0.010198988951742649,1.2238786220550537,0.06452157888334109,23.22,0.057509584930821804,0.425,1.5708838199331778,2.3529411764705883,0.2875,2,train
X:/pyproject/Remote-Train/rawdata/Origin-earthquake-file/6000-uniform-scale-0.1-1.0/EQ092.txt,X:/pyproject/Remote-Train/rawdata/Scalogram/6000-1-20260525-211552/EQ092.png,0.02,6000,0.20367057621479034,0.03361840755352978,0.019336789846420288,2.3204147815704346,0.1356236791722274,37.9,0.05367561260210035,0.7166666666666667,1.9482440421516913,1.3953488372093024,0.7125,2,train
X:/pyproject/Remote-Train/rawdata/Origin-earthquake-file/6000-uniform-scale-0.1-1.0/EQ093.txt,X:/pyproject/Remote-Train/rawdata/Scalogram/6000-1-20260525-211552/EQ093.png,0.02,6000,0.20454542338848114,0.0235951041695788,0.010253689251840115,1.230442762374878,0.06680747289279299,23.86,0.053008834805800965,0.825,1.6052966069867713,1.2121212121212122,0.2916666666666667,2,train
X:/pyproject/Remote-Train/rawdata/Origin-earthquake-file/6000-uniform-scale-0.1-1.0/EQ109.txt,X:/pyproject/Remote-Train/rawdata/Scalogram/6000-1-20260525-211552/EQ109.png,0.02,6000,0.21323424577713013,0.030632399874622313,0.01002265140414238,1.2027181386947632,0.11260127064945133,12.32,0.007501250208368062,0.3416666666666667,1.2952647144733336,2.926829268292683,0.3333333333333333,2,train
X:/pyproject/Remote-Train/rawdata/Origin-earthquake-file/6000-uniform-scale-0.1-1.0/EQ115.txt,X:/pyproject/Remote-Train/rawdata/Scalogram/6000-1-20260525-211552/EQ115.png,0.02,6000,0.21656440198421478,0.02572438021317122,0.010044720023870468,1.2053663730621338,0.07940924848221538,12.14,0.027004500750125022,0.375,1.3966817385249202,2.6666666666666665,0.3,2,train
X:/pyproject/Remote-Train/rawdata/Origin-earthquake-file/6000-uniform-scale-0.1-1.0/EQ119.txt,X:/pyproject/Remote-Train/rawdata/Scalogram/6000-1-20260525-211552/EQ119.png,0.02,6000,0.21989943087100983,0.026467042404413683,0.010829750448465347,1.2995699644088745,0.08406052003644385,24.740000000000002,0.015835972662110353,0.3,1.3036347350217719,3.3333333333333335,0.36666666666666664,2,train
X:/pyproject/Remote-Train/rawdata/Origin-earthquake-file/6000-uniform-scale-0.1-1.0/EQ124.txt,X:/pyproject/Remote-Train/rawdata/Scalogram/6000-1-20260525-211552/EQ124.png,0.02,6000,0.21639090776443481,0.018536590399274508,0.007311359979212284,0.8773632049560547,0.04123262203565711,21.06,0.034839139856642776,0.975,2.1028137140058982,1.0256410256410258,0.15,2,train
X:/pyproject/Remote-Train/rawdata/Origin-earthquake-file/6000-uniform-scale-0.1-1.0/EQ138.txt,X:/pyproject/Remote-Train/rawdata/Scalogram/6000-1-20260525-211552/EQ138.png,0.02,6000,0.22771432995796204,0.031412205373093485,0.016534723341464996,1.9841668605804443,0.11840719756816837,43.82,0.040506751125187535,0.6166666666666667,1.5953704417530217,1.6216216216216215,0.6583333333333333,2,train
X:/pyproject/Remote-Train/rawdata/Origin-earthquake-file/6000-uniform-scale-0.1-1.0/EQ142.txt,X:/pyproject/Remote-Train/rawdata/Scalogram/6000-1-20260525-211552/EQ142.png,0.02,6000,0.22409945726394653,0.028515747366517335,0.013496301136910915,1.6195560693740845,0.09757774174452484,21.56,0.07067844640773462,0.35833333333333334,2.4823249764053594,2.7906976744186047,0.5083333333333333,2,train
X:/pyproject/Remote-Train/rawdata/Origin-earthquake-file/6000-uniform-scale-0.1-1.0/EQ145.txt,X:/pyproject/Remote-Train/rawdata/Scalogram/6000-1-20260525-211552/EQ145.png,0.02,6000,0.22398720681667328,0.02620536834056902,0.015758119523525238,1.8909744024276733,0.08240655958378765,50.06,0.023837306217702952,0.49166666666666664,1.3085413532701602,2.0338983050847457,0.6041666666666666,2,train
X:/pyproject/Remote-Train/rawdata/Origin-earthquake-file/6000-uniform-scale-0.1-1.0/EQ146.txt,X:/pyproject/Remote-Train/rawdata/Scalogram/6000-1-20260525-211552/EQ146.png,0.02,6000,0.22497475147247314,0.029287919654718646,0.012409711256623268,1.4891653060913086,0.10293386852415058,15.1,0.044507417902983834,0.6666666666666666,1.4222384906170364,1.5,0.4875,2,train
X:/pyproject/Remote-Train/rawdata/Origin-earthquake-file/6000-uniform-scale-0.1-1.0/EQ150.txt,X:/pyproject/Remote-Train/rawdata/Scalogram/6000-1-20260525-211552/EQ150.png,0.02,6000,0.22530509531497955,0.028670068421905386,0.014212677255272865,1.7055212259292603,0.09863673879800837,27.32,0.034005667611268546,0.21666666666666667,1.555842640113728,4.615384615384615,0.55,2,train
X:/pyproject/Remote-Train/rawdata/Origin-earthquake-file/6000-uniform-scale-0.1-1.0/EQ155.txt,X:/pyproject/Remote-Train/rawdata/Scalogram/6000-1-20260525-211552/EQ155.png,0.02,6000,0.22180746495723724,0.03311791805662767,0.018115894868969917,2.1739072799682617,0.1316155795686606,32.160000000000004,0.050175029171528586,0.7333333333333333,2.023487129095249,1.3636363636363638,0.6958333333333333,2,train
X:/pyproject/Remote-Train/rawdata/Origin-earthquake-file/6000-uniform-scale-0.1-1.0/EQ158.txt,X:/pyproject/Remote-Train/rawdata/Scalogram/6000-1-20260525-211552/EQ158.png,0.02,6000,0.22380660474300385,0.017854498551162123,0.00838023703545332,1.0056284666061401,0.038253974221614036,29.3,0.028838139689948326,0.9666666666666667,2.184677968423888,1.0344827586206897,0.18333333333333332,2,train
X:/pyproject/Remote-Train/rawdata/Origin-earthquake-file/6000-uniform-scale-0.1-1.0/EQ169.txt,X:/pyproject/Remote-Train/rawdata/Scalogram/6000-1-20260525-211552/EQ169.png,0.02,6000,0.22687919437885284,0.025407984702979773,0.011061911471188068,1.3274292945861816,0.0774678824000225,23.5,0.032838806467744626,0.375,1.8277126058296986,2.6666666666666665,0.375,2,train
X:/pyproject/Remote-Train/rawdata/Origin-earthquake-file/6000-uniform-scale-0.1-1.0/EQ178.txt,X:/pyproject/Remote-Train/rawdata/Scalogram/6000-1-20260525-211552/EQ178.png,0.02,6000,0.22183924913406372,0.032829731574535476,0.015410035848617554,1.849204182624817,0.12933495303072617,20.84,0.038339723287214536,0.35,1.9558549800441356,2.857142857142857,0.6291666666666667,2,train
X:/pyproject/Remote-Train/rawdata/Origin-earthquake-file/6000-uniform-scale-0.1-1.0/EQ179.txt,X:/pyproject/Remote-Train/rawdata/Scalogram/6000-1-20260525-211552/EQ179.png,0.02,6000,0.2163742631673813,0.023702650851872026,0.010669277049601078,1.28031325340271,0.06741787888868996,27.78,0.034339056509418237,0.30833333333333335,1.851061999246869,3.243243243243243,0.32916666666666666,2,train
X:/pyproject/Remote-Train/rawdata/Origin-earthquake-file/6000-uniform-scale-0.1-1.0/EQ182.txt,X:/pyproject/Remote-Train/rawdata/Scalogram/6000-1-20260525-211552/EQ182.png,0.02,6000,0.21249985694885254,0.026328926271318453,0.01370617002248764,1.6447404623031616,0.08318548303206276,33.8,0.043173862310385065,0.475,1.9854593863294634,2.1052631578947367,0.5,2,train
X:/pyproject/Remote-Train/rawdata/Origin-earthquake-file/6000-uniform-scale-0.1-1.0/EQ187.txt,X:/pyproject/Remote-Train/rawdata/Scalogram/6000-1-20260525-211552/EQ187.png,0.02,6000,0.20997168123722076,0.03406553068835723,0.015364336781203747,1.8437203168869019,0.13925524572952896,20.080000000000002,0.045507584597432905,0.3,1.4880543641884414,3.3333333333333335,0.6208333333333333,2,train
X:/pyproject/Remote-Train/rawdata/Origin-earthquake-file/6000-uniform-scale-0.1-1.0/EQ193.txt,X:/pyproject/Remote-Train/rawdata/Scalogram/6000-1-20260525-211552/EQ193.png,0.02,6000,0.20712831616401672,0.02710710106619652,0.015126313082873821,1.8151575326919556,0.08817539138555908,44.160000000000004,0.019169861643607268,0.4,1.2622002431362702,2.5,0.5666666666666667,2,train
X:/pyproject/Remote-Train/rawdata/Origin-earthquake-file/6000-uniform-scale-0.1-1.0/EQ198.txt,X:/pyproject/Remote-Train/rawdata/Scalogram/6000-1-20260525-211552/EQ198.png,0.02,6000,0.19832351803779602,0.028641196455914213,0.015903783962130547,1.9084540605545044,0.09843817613115274,41.6,0.03133855642607101,0.5416666666666666,1.819948850311615,1.8461538461538463,0.6,2,train
X:/pyproject/Remote-Train/rawdata/Origin-earthquake-file/6000-uniform-scale-0.1-1.0/EQ202.txt,X:/pyproject/Remote-Train/rawdata/Scalogram/6000-1-20260525-211552/EQ202.png,0.02,6000,0.19854433834552765,0.02686342137089203,0.013437086716294289,1.612450361251831,0.08659720893001184,38.26,0.048841473578929824,0.4583333333333333,1.9544509881748466,2.181818181818182,0.49166666666666664,2,train
X:/pyproject/Remote-Train/rawdata/Origin-earthquake-file/6000-uniform-scale-0.1-1.0/EQ208.txt,X:/pyproject/Remote-Train/rawdata/Scalogram/6000-1-20260525-211552/EQ208.png,0.02,6000,0.19603076577186584,0.025275810122963042,0.010991520248353481,1.3189823627471924,0.07666398928464972,29.16,0.041506917819636606,0.325,1.8694990904083362,3.0769230769230766,0.3458333333333333,2,train
X:/pyproject/Remote-Train/rawdata/Origin-earthquake-file/6000-uniform-scale-0.1-1.0/EQ209.txt,X:/pyproject/Remote-Train/rawdata/Scalogram/6000-1-20260525-211552/EQ209.png,0.02,6000,0.1965295970439911,0.033233767593598834,0.015364048071205616,1.8436857461929321,0.13253799701584082,20.42,0.027004500750125022,0.18333333333333332,2.13774361818114,5.454545454545455,0.6083333333333333,2,train
X:/pyproject/Remote-Train/rawdata/Origin-earthquake-file/6000-uniform-scale-0.1-1.0/EQ212.txt,X:/pyproject/Remote-Train/rawdata/Scalogram/6000-1-20260525-211552/EQ212.png,0.02,6000,0.19433507323265076,0.03283737040679778,0.01600395143032074,1.9204740524291992,0.12939514742798863,26.64,0.025504250708451408,0.14166666666666666,2.51837957960687,7.0588235294117645,0.6333333333333333,2,train
X:/pyproject/Remote-Train/rawdata/Origin-earthquake-file/6000-uniform-scale-0.1-1.0/EQ215.txt,X:/pyproject/Remote-Train/rawdata/Scalogram/6000-1-20260525-211552/EQ215.png,0.02,6000,0.1925283819437027,0.025979797017250072,0.01287118997424841,1.5445427894592285,0.08099398236690189,33.06,0.046841140190031674,0.8,1.7414363507637174,1.25,0.44583333333333336,2,train
X:/pyproject/Remote-Train/rawdata/Origin-earthquake-file/6000-uniform-scale-0.1-1.0/EQ224.txt,X:/pyproject/Remote-Train/rawdata/Scalogram/6000-1-20260525-211552/EQ224.png,0.02,6000,0.18291442096233368,0.031587385029150074,0.01712370477616787,2.054844617843628,0.1197315471575729,33.38,0.041840306717786296,0.3416666666666667,2.2374574235884532,2.926829268292683,0.65,2,train
X:/pyproject/Remote-Train/rawdata/Origin-earthquake-file/6000-uniform-scale-0.1-1.0/EQ225.txt,X:/pyproject/Remote-Train/rawdata/Scalogram/6000-1-20260525-211552/EQ225.png,0.02,6000,0.17979907989501953,0.023385953588141186,0.012677225284278393,1.521267056465149,0.06562833902720323,37.46,0.043507251208534756,0.825,1.8769041737089107,1.2121212121212122,0.4125,2,train
X:/pyproject/Remote-Train/rawdata/Origin-earthquake-file/6000-uniform-scale-0.1-1.0/EQ227.txt,X:/pyproject/Remote-Train/rawdata/Scalogram/6000-1-20260525-211552/EQ227.png,0.02,6000,0.17289912700653076,0.03166104936516287,0.01744268275797367,2.0931220054626465,0.12029064562839362,36.22,0.03417236206034339,0.8833333333333333,2.0633656022355167,1.1320754716981132,0.6541666666666667,2,train
X:/pyproject/Remote-Train/rawdata/Origin-earthquake-file/6000-uniform-scale-0.1-1.0/EQ023.txt,X:/pyproject/Remote-Train/rawdata/Scalogram/6000-1-20260525-211552/EQ023.png,0.02,6000,0.13259285688400269,0.022395224918431406,0.01467935647815466,1.7615227699279785,0.060185531897655714,52.160000000000004,0.14352392065344224,2.3583333333333334,4.239373074050585,0.42402826855123676,0.4583333333333333,3,train
X:/pyproject/Remote-Train/rawdata/Origin-earthquake-file/6000-uniform-scale-0.1-1.0/EQ063.txt,X:/pyproject/Remote-Train/rawdata/Scalogram/6000-1-20260525-211552/EQ063.png,0.02,6000,0.17301562428474426,0.024382995666468746,0.013739080168306828,1.6486895084381104,0.07134365732052404,37.46,0.12785464244040673,2.408333333333333,3.4263119492735847,0.4152249134948097,0.4666666666666667,3,train
X:/pyproject/Remote-Train/rawdata/Origin-earthquake-file/6000-uniform-scale-0.1-1.0/EQ233.txt,X:/pyproject/Remote-Train/rawdata/Scalogram/6000-1-20260525-211552/EQ233.png,0.02,6000,0.12382658571004868,0.010113163781133616,0.004087002947926521,0.49044036865234375,0.012273129799683933,18.54,0.14569094849141523,1.6,4.711002278015592,0.625,0.041666666666666664,3,train
X:/pyproject/Remote-Train/rawdata/Origin-earthquake-file/6000-uniform-scale-0.1-1.0/EQ237.txt,X:/pyproject/Remote-Train/rawdata/Scalogram/6000-1-20260525-211552/EQ237.png,0.02,6000,0.10149510204792023,0.009309775606882786,0.0037616293411701918,0.45139551162719727,0.01040063062206117,18.78,0.12718786464410736,1.6,4.4351443926777945,0.625,0.029166666666666667,3,train
X:/pyproject/Remote-Train/rawdata/Origin-earthquake-file/6000-uniform-scale-0.1-1.0/EQ238.txt,X:/pyproject/Remote-Train/rawdata/Scalogram/6000-1-20260525-211552/EQ238.png,0.02,6000,0.09719696640968323,0.010939036429927917,0.004769193008542061,0.5723031759262085,0.014359502161834814,21.6,0.10318386397732955,1.2583333333333333,3.921709109378055,0.794701986754967,0.05416666666666667,3,train
X:/pyproject/Remote-Train/rawdata/Origin-earthquake-file/6000-uniform-scale-0.1-1.0/EQ002.txt,X:/pyproject/Remote-Train/rawdata/Scalogram/6000-1-20260525-211552/EQ002.png,0.02,6000,0.1328466534614563,0.009123173462675082,0.0033363071270287037,0.40035685896873474,0.009987875283607062,12.92,0.07184530755125855,0.35,3.681064356217989,2.857142857142857,0.025,4,train
X:/pyproject/Remote-Train/rawdata/Origin-earthquake-file/6000-uniform-scale-0.1-1.0/EQ006.txt,X:/pyproject/Remote-Train/rawdata/Scalogram/6000-1-20260525-211552/EQ006.png,0.02,6000,0.11822788417339325,0.014112703762399053,0.006637499667704105,0.7964999079704285,0.023900208898227887,22.76,0.03217202867144524,0.725,1.3006096341572173,1.3793103448275863,0.10416666666666667,4,train
X:/pyproject/Remote-Train/rawdata/Origin-earthquake-file/6000-uniform-scale-0.1-1.0/EQ008.txt,X:/pyproject/Remote-Train/rawdata/Scalogram/6000-1-20260525-211552/EQ008.png,0.02,6000,0.11776803433895111,0.01552308776233744,0.008130856789648533,0.9757028222084045,0.028915950441267647,34.0,0.037506251041840306,1.125,1.672117116959454,0.8888888888888888,0.1375,4,train
X:/pyproject/Remote-Train/rawdata/Origin-earthquake-file/6000-uniform-scale-0.1-1.0/EQ009.txt,X:/pyproject/Remote-Train/rawdata/Scalogram/6000-1-20260525-211552/EQ009.png,0.02,6000,0.12016303837299347,0.014098258716039732,0.0068087331019341946,0.8170479536056519,0.02385130785892683,26.560000000000002,0.01833638939823304,0.15833333333333333,1.363196552555851,6.315789473684211,0.1125,4,train
X:/pyproject/Remote-Train/rawdata/Origin-earthquake-file/6000-uniform-scale-0.1-1.0/EQ010.txt,X:/pyproject/Remote-Train/rawdata/Scalogram/6000-1-20260525-211552/EQ010.png,0.02,6000,0.12112230062484741,0.011190289406821775,0.004448622930794954,0.53383469581604,0.015026709241011316,16.82,0.055842640440073345,0.3833333333333333,3.022862655324774,2.608695652173913,0.05,4,train
X:/pyproject/Remote-Train/rawdata/Origin-earthquake-file/6000-uniform-scale-0.1-1.0/EQ013.txt,X:/pyproject/Remote-Train/rawdata/Scalogram/6000-1-20260525-211552/EQ013.png,0.02,6000,0.12213080376386642,0.01271005167933558,0.004353189840912819,0.5223827362060547,0.019385449642965746,11.18,0.03700616769461577,0.45,2.306791482776835,2.2222222222222223,0.04583333333333333,4,train
X:/pyproject/Remote-Train/rawdata/Origin-earthquake-file/6000-uniform-scale-0.1-1.0/EQ017.txt,X:/pyproject/Remote-Train/rawdata/Scalogram/6000-1-20260525-211552/EQ017.png,0.02,6000,0.12496761232614517,0.009823645810092515,0.003993193153291941,0.4791831970214844,0.011580482040257786,15.88,0.021503583930655108,0.35833333333333334,2.07047335358247,2.7906976744186047,0.0375,4,train
X:/pyproject/Remote-Train/rawdata/Origin-earthquake-file/6000-uniform-scale-0.1-1.0/EQ018.txt,X:/pyproject/Remote-Train/rawdata/Scalogram/6000-1-20260525-211552/EQ018.png,0.02,6000,0.12742775678634644,0.018768505873573954,0.009739297442138195,1.1687157154083252,0.042270817527165605,38.92,0.024337389564927488,0.4,2.232638228781399,2.5,0.1875,4,train
X:/pyproject/Remote-Train/rawdata/Origin-earthquake-file/6000-uniform-scale-0.1-1.0/EQ022.txt,X:/pyproject/Remote-Train/rawdata/Scalogram/6000-1-20260525-211552/EQ022.png,0.02,6000,0.13125751912593842,0.018967130682463154,0.010063937865197659,1.2076725959777832,0.04317024555907623,27.1,0.07217869644940823,0.9249999999999999,1.810909801604533,1.0810810810810811,0.2,4,train
X:/pyproject/Remote-Train/rawdata/Origin-earthquake-file/6000-uniform-scale-0.1-1.0/EQ024.txt,X:/pyproject/Remote-Train/rawdata/Scalogram/6000-1-20260525-211552/EQ024.png,0.02,6000,0.13312490284442902,0.014751665493100592,0.005925199016928673,0.7110238671302795,0.026113396178440166,16.32,0.036839473245540925,0.8666666666666667,2.080299177606915,1.1538461538461537,0.09166666666666666,4,train
X:/pyproject/Remote-Train/rawdata/Origin-earthquake-file/6000-uniform-scale-0.1-1.0/EQ025.txt,X:/pyproject/Remote-Train/rawdata/Scalogram/6000-1-20260525-211552/EQ025.png,0.02,6000,0.13406974077224731,0.013958827385770298,0.004660592880100012,0.5592710971832275,0.023381863438287704,17.14,0.008168028004667444,0.3833333333333333,1.3635285055619473,2.608695652173913,0.07083333333333333,4,train
X:/pyproject/Remote-Train/rawdata/Origin-earthquake-file/6000-uniform-scale-0.1-1.0/EQ026.txt,X:/pyproject/Remote-Train/rawdata/Scalogram/6000-1-20260525-211552/EQ026.png,0.02,6000,0.13567033410072327,0.014934816840578529,0.008104986511170864,0.9725983738899231,0.02676585048739536,39.7,0.046007667944657445,0.7833333333333333,1.6725918889544016,1.2765957446808511,0.14166666666666666,4,train
X:/pyproject/Remote-Train/rawdata/Origin-earthquake-file/6000-uniform-scale-0.1-1.0/EQ027.txt,X:/pyproject/Remote-Train/rawdata/Scalogram/6000-1-20260525-211552/EQ027.png,0.02,6000,0.13708382844924927,0.013037459771473595,0.005453470163047314,0.6544164419174194,0.020397042875135076,19.080000000000002,0.028171361893648942,0.225,1.8464387402632296,4.444444444444445,0.08333333333333333,4,train
X:/pyproject/Remote-Train/rawdata/Origin-earthquake-file/6000-uniform-scale-0.1-1.0/EQ028.txt,X:/pyproject/Remote-Train/rawdata/Scalogram/6000-1-20260525-211552/EQ028.png,0.02,6000,0.13661329448223114,0.0111898246089267,0.0029896653722971678,0.3587598204612732,0.015025460973424989,3.0,0.041673612268711455,0.7416666666666667,1.833462987087654,1.348314606741573,0.016666666666666666,4,train
X:/pyproject/Remote-Train/rawdata/Origin-earthquake-file/6000-uniform-scale-0.1-1.0/EQ029.txt,X:/pyproject/Remote-Train/rawdata/Scalogram/6000-1-20260525-211552/EQ029.png,0.02,6000,0.1372136026620865,0.01198181430367119,0.004930461291223764,0.5916553139686584,0.01722766488091914,20.78,0.034005667611268546,0.85,2.185003841551495,1.1764705882352942,0.075,4,train
X:/pyproject/Remote-Train/rawdata/Origin-earthquake-file/6000-uniform-scale-0.1-1.0/EQ032.txt,X:/pyproject/Remote-Train/rawdata/Scalogram/6000-1-20260525-211552/EQ032.png,0.02,6000,0.13973568379878998,0.018161671964918646,0.00903722457587719,1.0844669342041016,0.03958155942735742,27.12,0.036339389898316386,0.35,1.409010511218406,2.857142857142857,0.1625,4,train
X:/pyproject/Remote-Train/rawdata/Origin-earthquake-file/6000-uniform-scale-0.1-1.0/EQ033.txt,X:/pyproject/Remote-Train/rawdata/Scalogram/6000-1-20260525-211552/EQ033.png,0.02,6000,0.14032196998596191,0.02344038353409071,0.012909206561744213,1.5491046905517578,0.0659341896270325,26.98,0.035672612102017005,0.7,2.389938921886969,1.4285714285714286,0.38333333333333336,4,train
X:/pyproject/Remote-Train/rawdata/Origin-earthquake-file/6000-uniform-scale-0.1-1.0/EQ034.txt,X:/pyproject/Remote-Train/rawdata/Scalogram/6000-1-20260525-211552/EQ034.png,0.02,6000,0.14120210707187653,0.01525332707982077,0.005926125682890415,0.7111350893974304,0.027919678440479236,13.68,0.0516752792132022,0.7083333333333334,2.8619579601388105,1.4117647058823528,0.09583333333333334,4,train
X:/pyproject/Remote-Train/rawdata/Origin-earthquake-file/6000-uniform-scale-0.1-1.0/EQ041.txt,X:/pyproject/Remote-Train/rawdata/Scalogram/6000-1-20260525-211552/EQ041.png,0.02,6000,0.1522396355867386,0.02053614211780456,0.010719778947532177,1.2863733768463135,0.05060797596991997,31.28,0.030505084180696782,0.4083333333333333,1.944898191933848,2.4489795918367347,0.2625,4,train
X:/pyproject/Remote-Train/rawdata/Origin-earthquake-file/6000-uniform-scale-0.1-1.0/EQ042.txt,X:/pyproject/Remote-Train/rawdata/Scalogram/6000-1-20260525-211552/EQ042.png,0.02,6000,0.15324018895626068,0.024008765352641497,0.013175414875149727,1.5810497999191284,0.06917049765098386,31.740000000000002,0.030005000833472247,0.5083333333333333,1.7825209988012156,1.9672131147540985,0.4166666666666667,4,train
X:/pyproject/Remote-Train/rawdata/Origin-earthquake-file/6000-uniform-scale-0.1-1.0/EQ043.txt,X:/pyproject/Remote-Train/rawdata/Scalogram/6000-1-20260525-211552/EQ043.png,0.02,6000,0.15458209812641144,0.018698148962368037,0.008882105350494385,1.0658526420593262,0.04195449295426859,19.76,0.051841973662277045,0.8166666666666667,2.249258986831462,1.2244897959183674,0.16666666666666666,4,train
X:/pyproject/Remote-Train/rawdata/Origin-earthquake-file/6000-uniform-scale-0.1-1.0/EQ044.txt,X:/pyproject/Remote-Train/rawdata/Scalogram/6000-1-20260525-211552/EQ044.png,0.02,6000,0.15682069957256317,0.02430823830393435,0.012892037630081177,1.5470445156097412,0.07090685393290333,38.58,0.038339723287214536,0.35,2.8103637409121305,2.857142857142857,0.4,4,train
X:/pyproject/Remote-Train/rawdata/Origin-earthquake-file/6000-uniform-scale-0.1-1.0/EQ052.txt,X:/pyproject/Remote-Train/rawdata/Scalogram/6000-1-20260525-211552/EQ052.png,0.02,6000,0.1634076088666916,0.010732946801193738,0.002733740257099271,0.32804882526397705,0.01382353764447059,4.68,0.01550258376396066,1.0416666666666667,2.436285302434157,0.96,0.0125,4,train
X:/pyproject/Remote-Train/rawdata/Origin-earthquake-file/6000-uniform-scale-0.1-1.0/EQ053.txt,X:/pyproject/Remote-Train/rawdata/Scalogram/6000-1-20260525-211552/EQ053.png,0.02,6000,0.16539761424064636,0.01988989369707468,0.009663150645792484,1.1595780849456787,0.04747294455371174,24.92,0.041840306717786296,0.43333333333333335,1.8368437240114532,2.3076923076923075,0.20833333333333334,4,train
X:/pyproject/Remote-Train/rawdata/Origin-earthquake-file/6000-uniform-scale-0.1-1.0/EQ055.txt,X:/pyproject/Remote-Train/rawdata/Scalogram/6000-1-20260525-211552/EQ055.png,0.02,6000,0.16791795194149017,0.011867007029255246,0.0028605437837541103,0.34326526522636414,0.01689910269988721,4.66,0.017836306051008503,1.0833333333333333,3.0179428016391268,0.9230769230769231,0.020833333333333332,4,train
X:/pyproject/Remote-Train/rawdata/Origin-earthquake-file/6000-uniform-scale-0.1-1.0/EQ058.txt,X:/pyproject/Remote-Train/rawdata/Scalogram/6000-1-20260525-211552/EQ058.png,0.02,6000,0.1663433462381363,0.019032589992084105,0.010005483403801918,1.2006579637527466,0.0434687378168136,33.02,0.04334055675945991,0.09166666666666666,2.088496086680656,10.90909090909091,0.22916666666666666,4,train
X:/pyproject/Remote-Train/rawdata/Origin-earthquake-file/6000-uniform-scale-0.1-1.0/EQ062.txt,X:/pyproject/Remote-Train/rawdata/Scalogram/6000-1-20260525-211552/EQ062.png,0.02,6000,0.1719743013381958,0.015338836147746606,0.00557089876383543,0.6685078144073486,0.02823358732409015,11.98,0.049508251375229205,0.425,1.7421191951897161,2.3529411764705883,0.1,4,train
X:/pyproject/Remote-Train/rawdata/Origin-earthquake-file/6000-uniform-scale-0.1-1.0/EQ069.txt,X:/pyproject/Remote-Train/rawdata/Scalogram/6000-1-20260525-211552/EQ069.png,0.02,6000,0.18046344816684723,0.017903106930558025,0.00969200860708952,1.1630409955978394,0.03846254853203938,43.08,0.041506917819636606,0.3333333333333333,2.7501026007030935,3.0,0.2125,4,train
X:/pyproject/Remote-Train/rawdata/Origin-earthquake-file/6000-uniform-scale-0.1-1.0/EQ074.txt,X:/pyproject/Remote-Train/rawdata/Scalogram/6000-1-20260525-211552/EQ074.png,0.02,6000,0.18228085339069366,0.015457743366514443,0.004043519962579012,0.48522239923477173,0.02867301959820255,5.0200000000000005,0.017836306051008503,1.0416666666666667,1.903081416275082,0.96,0.06666666666666667,4,train
X:/pyproject/Remote-Train/rawdata/Origin-earthquake-file/6000-uniform-scale-0.1-1.0/EQ080.txt,X:/pyproject/Remote-Train/rawdata/Scalogram/6000-1-20260525-211552/EQ080.png,0.02,6000,0.19128794968128204,0.014031763709648303,0.004429244436323643,0.5315093398094177,0.023626847136408374,11.02,0.033672278713118856,1.075,1.8246816361188556,0.9302325581395349,0.07916666666666666,4,train
X:/pyproject/Remote-Train/rawdata/Origin-earthquake-file/6000-uniform-scale-0.1-1.0/EQ085.txt,X:/pyproject/Remote-Train/rawdata/Scalogram/6000-1-20260525-211552/EQ085.png,0.02,6000,0.19811278581619263,0.014554012293243086,0.003736678045243025,0.4484013617038727,0.02541831285982451,5.64,0.019003167194532423,1.0833333333333333,1.9428690224394292,0.9230769230769231,0.0625,4,train
X:/pyproject/Remote-Train/rawdata/Origin-earthquake-file/6000-uniform-scale-0.1-1.0/EQ234.txt,X:/pyproject/Remote-Train/rawdata/Scalogram/6000-1-20260525-211552/EQ234.png,0.02,6000,0.12083062529563904,0.020149034703571128,0.012621987611055374,1.5146385431289673,0.04871803193828564,48.5,0.053842307051175195,0.36666666666666664,2.856454013692852,2.7272727272727275,0.32083333333333336,4,train
X:/pyproject/Remote-Train/rawdata/Origin-earthquake-file/6000-uniform-scale-0.1-1.0/EQ235.txt,X:/pyproject/Remote-Train/rawdata/Scalogram/6000-1-20260525-211552/EQ235.png,0.02,6000,0.11240791529417038,0.015722382318142162,0.009963974356651306,1.1956768035888672,0.029663196690939517,65.82000000000001,0.06267711285214202,1.1333333333333333,3.041613156071186,0.8823529411764706,0.175,4,train
X:/pyproject/Remote-Train/rawdata/Origin-earthquake-file/6000-uniform-scale-0.1-1.0/EQ236.txt,X:/pyproject/Remote-Train/rawdata/Scalogram/6000-1-20260525-211552/EQ236.png,0.02,6000,0.11194904893636703,0.020708797729151955,0.012366671115159988,1.484000563621521,0.0514625164064315,42.9,0.04017336222703784,0.7416666666666667,1.8382428173219738,1.348314606741573,0.30416666666666664,4,train
X:/pyproject/Remote-Train/rawdata/Origin-earthquake-file/6000-uniform-scale-0.1-1.0/EQ064.txt,X:/pyproject/Remote-Train/rawdata/Scalogram/6000-1-20260525-211552/EQ064.png,0.02,6000,0.17366497218608856,0.02684415257877144,0.01541376393288374,1.849651575088501,0.08647302332068338,43.64,0.020503417236206033,0.05,1.0763793413503528,20.0,0.5375,5,train
X:/pyproject/Remote-Train/rawdata/Origin-earthquake-file/6000-uniform-scale-0.1-1.0/EQ066.txt,X:/pyproject/Remote-Train/rawdata/Scalogram/6000-1-20260525-211552/EQ066.png,0.02,6000,0.17641301453113556,0.029006206718475855,0.018168771639466286,2.1802525520324707,0.10096320338339446,47.62,0.018503083847307884,0.1,1.360403659025132,10.0,0.6708333333333333,5,train
X:/pyproject/Remote-Train/rawdata/Origin-earthquake-file/6000-uniform-scale-0.1-1.0/EQ089.txt,X:/pyproject/Remote-Train/rawdata/Scalogram/6000-1-20260525-211552/EQ089.png,0.02,6000,0.20235514640808105,0.026382264636323184,0.011657328344881535,1.3988794088363647,0.08352286648091865,19.18,0.040006667777962995,0.06666666666666667,1.5708626063375128,15.0,0.39166666666666666,5,train
X:/pyproject/Remote-Train/rawdata/Origin-earthquake-file/6000-uniform-scale-0.1-1.0/EQ091.txt,X:/pyproject/Remote-Train/rawdata/Scalogram/6000-1-20260525-211552/EQ091.png,0.02,6000,0.20457136631011963,0.025318652485518168,0.012646177783608437,1.5175412893295288,0.07692409964189224,22.98,0.057009501583597265,0.058333333333333334,2.5191222750571187,17.142857142857142,0.4375,5,train
X:/pyproject/Remote-Train/rawdata/Origin-earthquake-file/6000-uniform-scale-0.1-1.0/EQ123.txt,X:/pyproject/Remote-Train/rawdata/Scalogram/6000-1-20260525-211552/EQ123.png,0.02,6000,0.21633270382881165,0.03209738049633451,0.015287227928638458,1.8344672918319702,0.123629020167177,33.62,0.018169694949158193,0.10833333333333334,1.3082191843307278,9.23076923076923,0.6125,5,train
X:/pyproject/Remote-Train/rawdata/Origin-earthquake-file/6000-uniform-scale-0.1-1.0/EQ136.txt,X:/pyproject/Remote-Train/rawdata/Scalogram/6000-1-20260525-211552/EQ136.png,0.02,6000,0.22564929723739624,0.05047460037057866,0.03519526496529579,4.223431587219238,0.3057222339083543,51.56,0.018169694949158193,0.025,1.5199140306017145,40.0,0.9708333333333333,5,train
X:/pyproject/Remote-Train/rawdata/Origin-earthquake-file/6000-uniform-scale-0.1-1.0/EQ137.txt,X:/pyproject/Remote-Train/rawdata/Scalogram/6000-1-20260525-211552/EQ137.png,0.02,6000,0.22675122320652008,0.028007188596773657,0.0153679633513093,1.8441555500030518,0.09412831357142981,37.04,0.042007001166861145,0.058333333333333334,2.3226695016338135,17.142857142857142,0.5916666666666667,5,train
X:/pyproject/Remote-Train/rawdata/Origin-earthquake-file/6000-uniform-scale-0.1-1.0/EQ143.txt,X:/pyproject/Remote-Train/rawdata/Scalogram/6000-1-20260525-211552/EQ143.png,0.02,6000,0.2238166630268097,0.039033106356747234,0.02081478387117386,2.4977738857269287,0.18283000702285698,27.64,0.046841140190031674,0.058333333333333334,1.6603430401234789,17.142857142857142,0.825,5,train
X:/pyproject/Remote-Train/rawdata/Origin-earthquake-file/6000-uniform-scale-0.1-1.0/EQ161.txt,X:/pyproject/Remote-Train/rawdata/Scalogram/6000-1-20260525-211552/EQ161.png,0.02,6000,0.2260713130235672,0.03758476047963042,0.024517064914107323,2.942047595977783,0.16951370643734262,60.32,0.023670611768628103,0.075,1.3007392370618764,13.333333333333334,0.8666666666666667,5,train
X:/pyproject/Remote-Train/rawdata/Origin-earthquake-file/6000-uniform-scale-0.1-1.0/EQ168.txt,X:/pyproject/Remote-Train/rawdata/Scalogram/6000-1-20260525-211552/EQ168.png,0.02,6000,0.22734281420707703,0.035316084295117046,0.021014634519815445,2.521756172180176,0.14966709719277752,47.18,0.020503417236206033,0.06666666666666667,0.9005740397533305,15.0,0.8125,5,train
X:/pyproject/Remote-Train/rawdata/Origin-earthquake-file/6000-uniform-scale-0.1-1.0/EQ173.txt,X:/pyproject/Remote-Train/rawdata/Scalogram/6000-1-20260525-211552/EQ173.png,0.02,6000,0.2225039303302765,0.03650806785969734,0.01876661740243435,2.2519941329956055,0.15994068226179192,25.82,0.027337889648274712,0.09166666666666666,1.0675671225368006,10.90909090909091,0.725,5,train
X:/pyproject/Remote-Train/rawdata/Origin-earthquake-file/6000-uniform-scale-0.1-1.0/EQ190.txt,X:/pyproject/Remote-Train/rawdata/Scalogram/6000-1-20260525-211552/EQ190.png,0.02,6000,0.20954629778862,0.03549139377370608,0.021515658125281334,2.581878900527954,0.1511566838400315,47.14,0.036839473245540925,0.058333333333333334,1.7002986788290588,17.142857142857142,0.8166666666666667,5,train
X:/pyproject/Remote-Train/rawdata/Origin-earthquake-file/6000-uniform-scale-0.1-1.0/EQ206.txt,X:/pyproject/Remote-Train/rawdata/Scalogram/6000-1-20260525-211552/EQ206.png,0.02,6000,0.1977217197418213,0.046760654376447,0.03136463835835457,3.763756513595581,0.2623870557256238,60.4,0.021170195032505418,0.06666666666666667,1.1800255454197284,15.0,0.925,5,train
X:/pyproject/Remote-Train/rawdata/Origin-earthquake-file/6000-uniform-scale-0.1-1.0/EQ210.txt,X:/pyproject/Remote-Train/rawdata/Scalogram/6000-1-20260525-211552/EQ210.png,0.02,6000,0.19643299281597137,0.03821260749820629,0.022994551807641983,2.7593462467193604,0.1752244046174366,49.72,0.03933988998166361,0.075,1.753913572198649,13.333333333333334,0.8375,5,train
X:/pyproject/Remote-Train/rawdata/Origin-earthquake-file/6000-uniform-scale-0.1-1.0/EQ005.txt,X:/pyproject/Remote-Train/rawdata/Scalogram/6000-1-20260525-211552/EQ005.png,0.02,6000,0.11562173813581467,0.015846798900534993,0.011400585994124413,1.368070363998413,0.03013452424727964,95.7,0.044340723453908985,0.8,1.8009791845040664,1.25,0.24166666666666667,6,train
X:/pyproject/Remote-Train/rawdata/Origin-earthquake-file/6000-uniform-scale-0.1-1.0/EQ011.txt,X:/pyproject/Remote-Train/rawdata/Scalogram/6000-1-20260525-211552/EQ011.png,0.02,6000,0.11840123683214188,0.016647123714295508,0.010069422423839569,1.2083306312561035,0.03325520735508719,75.54,0.016836139356559428,0.2916666666666667,1.4701934612618492,3.4285714285714284,0.19166666666666668,6,train
X:/pyproject/Remote-Train/rawdata/Origin-earthquake-file/6000-uniform-scale-0.1-1.0/EQ015.txt,X:/pyproject/Remote-Train/rawdata/Scalogram/6000-1-20260525-211552/EQ015.png,0.02,6000,0.12061463296413422,0.0191443217621111,0.014537612907588482,1.7445135116577148,0.04398060668774887,99.92,0.014002333722287048,0.23333333333333334,1.1358000818458232,4.285714285714286,0.425,6,train
X:/pyproject/Remote-Train/rawdata/Origin-earthquake-file/6000-uniform-scale-0.1-1.0/EQ031.txt,X:/pyproject/Remote-Train/rawdata/Scalogram/6000-1-20260525-211552/EQ031.png,0.02,6000,0.1387048214673996,0.03037181677814623,0.022278590127825737,2.6734306812286377,0.1106936705286342,94.02,0.048841473578929824,1.0083333333333333,1.830956902481355,0.9917355371900827,0.7416666666666667,6,train
X:/pyproject/Remote-Train/rawdata/Origin-earthquake-file/6000-uniform-scale-0.1-1.0/EQ037.txt,X:/pyproject/Remote-Train/rawdata/Scalogram/6000-1-20260525-211552/EQ037.png,0.02,6000,0.14675596356391907,0.026747739347886528,0.015580139122903347,1.8696166276931763,0.08585298722669726,57.88,0.016836139356559428,0.21666666666666667,1.5000785371919627,4.615384615384615,0.525,6,train
X:/pyproject/Remote-Train/rawdata/Origin-earthquake-file/6000-uniform-scale-0.1-1.0/EQ046.txt,X:/pyproject/Remote-Train/rawdata/Scalogram/6000-1-20260525-211552/EQ046.png,0.02,6000,0.15955981612205505,0.034494059753648,0.025090327486395836,3.0108392238616943,0.14278081899458864,93.36,0.04334055675945991,0.325,1.9531113018393953,3.0769230769230766,0.8416666666666667,6,train
X:/pyproject/Remote-Train/rawdata/Origin-earthquake-file/6000-uniform-scale-0.1-1.0/EQ071.txt,X:/pyproject/Remote-Train/rawdata/Scalogram/6000-1-20260525-211552/EQ071.png,0.02,6000,0.18141967058181763,0.03186961780503285,0.022852765396237373,2.7423317432403564,0.12188070468466401,86.2,0.024504084014002333,0.225,1.2030425395179647,4.444444444444445,0.8041666666666667,6,train
X:/pyproject/Remote-Train/rawdata/Origin-earthquake-file/6000-uniform-scale-0.1-1.0/EQ231.txt,X:/pyproject/Remote-Train/rawdata/Scalogram/6000-1-20260525-211552/EQ231.png,0.02,6000,0.15684080123901367,0.018117133067277,0.011389418505132198,1.3667302131652832,0.0393876612692906,66.52,0.03733955659276546,0.225,1.9716299870892169,4.444444444444445,0.2791666666666667,6,train
X:/pyproject/Remote-Train/rawdata/Origin-earthquake-file/6000-uniform-scale-0.1-1.0/EQ239.txt,X:/pyproject/Remote-Train/rawdata/Scalogram/6000-1-20260525-211552/EQ239.png,0.02,6000,0.0783502534031868,0.01692418180528484,0.012384244240820408,1.4861092567443848,0.03437135157340012,79.68,0.028338056342723787,0.4583333333333333,1.2964311489832079,2.181818181818182,0.26666666666666666,6,train
X:/pyproject/Remote-Train/rawdata/Origin-earthquake-file/6000-uniform-scale-0.1-1.0/EQ240.txt,X:/pyproject/Remote-Train/rawdata/Scalogram/6000-1-20260525-211552/EQ240.png,0.02,6000,0.0785941481590271,0.017452958976039025,0.012518801726400852,1.502256155014038,0.03655269324231615,81.84,0.02783797299549925,0.21666666666666667,1.2609705149377706,4.615384615384615,0.2708333333333333,6,train
X:/pyproject/Remote-Train/rawdata/Origin-earthquake-file/6000-uniform-scale-0.1-1.0/EQ094.txt,X:/pyproject/Remote-Train/rawdata/Scalogram/6000-1-20260525-211552/EQ094.png,0.02,6000,0.205458864569664,0.04847495688842192,0.02775947004556656,3.331136465072632,0.2819785734401236,35.94,0.03583930655109185,0.5666666666666667,2.783306537147736,1.7647058823529411,0.9125,7,train
X:/pyproject/Remote-Train/rawdata/Origin-earthquake-file/6000-uniform-scale-0.1-1.0/EQ103.txt,X:/pyproject/Remote-Train/rawdata/Scalogram/6000-1-20260525-211552/EQ103.png,0.02,6000,0.20870760083198547,0.04334752359665764,0.032756075263023376,3.9307289123535156,0.22548093623553492,88.64,0.01833638939823304,0.275,1.0624487954215005,3.6363636363636362,0.9375,7,train
X:/pyproject/Remote-Train/rawdata/Origin-earthquake-file/6000-uniform-scale-0.1-1.0/EQ106.txt,X:/pyproject/Remote-Train/rawdata/Scalogram/6000-1-20260525-211552/EQ106.png,0.02,6000,0.21022742986679077,0.044164289033773264,0.03374919667840004,4.049903392791748,0.23405813110303983,99.72,0.04334055675945991,1.2083333333333333,1.8736272089001684,0.8275862068965518,0.9625,7,train
X:/pyproject/Remote-Train/rawdata/Origin-earthquake-file/6000-uniform-scale-0.1-1.0/EQ126.txt,X:/pyproject/Remote-Train/rawdata/Scalogram/6000-1-20260525-211552/EQ126.png,0.02,6000,0.21683308482170105,0.05857292207296266,0.04409386217594147,5.291263103485107,0.41169446401984283,93.02,0.038839806634439075,0.35,1.7295115115857052,2.857142857142857,1.0,7,train
X:/pyproject/Remote-Train/rawdata/Origin-earthquake-file/6000-uniform-scale-0.1-1.0/EQ127.txt,X:/pyproject/Remote-Train/rawdata/Scalogram/6000-1-20260525-211552/EQ127.png,0.02,6000,0.21810530126094818,0.046360162555150256,0.03258701041340828,3.9104411602020264,0.2579117606567947,64.1,0.03333888981496916,0.275,1.7216014115251783,3.6363636363636362,0.9541666666666667,7,train
X:/pyproject/Remote-Train/rawdata/Origin-earthquake-file/6000-uniform-scale-0.1-1.0/EQ133.txt,X:/pyproject/Remote-Train/rawdata/Scalogram/6000-1-20260525-211552/EQ133.png,0.02,6000,0.22281774878501892,0.053445997571980736,0.03148788586258888,3.7785463333129883,0.34277695877570047,41.86,0.054175695949324885,0.2916666666666667,3.0201298345195875,3.4285714285714284,0.9666666666666667,7,train
X:/pyproject/Remote-Train/rawdata/Origin-earthquake-file/6000-uniform-scale-0.1-1.0/EQ147.txt,X:/pyproject/Remote-Train/rawdata/Scalogram/6000-1-20260525-211552/EQ147.png,0.02,6000,0.22384148836135864,0.05469416125586757,0.04207241162657738,5.048689365386963,0.3589741530579414,95.54,0.057176196032672114,0.8666666666666667,2.715611093116468,1.1538461538461537,0.9958333333333333,7,train
X:/pyproject/Remote-Train/rawdata/Origin-earthquake-file/6000-uniform-scale-0.1-1.0/EQ163.txt,X:/pyproject/Remote-Train/rawdata/Scalogram/6000-1-20260525-211552/EQ163.png,0.02,6000,0.22664470970630646,0.05294193935453372,0.03755978122353554,4.507173538208008,0.3363418731142952,87.32000000000001,0.028338056342723787,0.6416666666666666,1.275877691374108,1.5584415584415585,0.9833333333333333,7,train
X:/pyproject/Remote-Train/rawdata/Origin-earthquake-file/6000-uniform-scale-0.1-1.0/EQ177.txt,X:/pyproject/Remote-Train/rawdata/Scalogram/6000-1-20260525-211552/EQ177.png,0.02,6000,0.22104988992214203,0.0401042220875693,0.028039008378982544,3.3646810054779053,0.19300183550988975,83.18,0.08451408568094683,1.9583333333333333,2.1521767517060333,0.5106382978723405,0.9083333333333333,7,train
X:/pyproject/Remote-Train/rawdata/Origin-earthquake-file/6000-uniform-scale-0.1-1.0/EQ186.txt,X:/pyproject/Remote-Train/rawdata/Scalogram/6000-1-20260525-211552/EQ186.png,0.02,6000,0.20912230014801025,0.03935991092359439,0.03102532960474491,3.723039388656616,0.18590431054959422,103.06,0.044674112352058676,0.5666666666666667,2.1192269737104064,1.7647058823529411,0.9166666666666666,7,train
X:/pyproject/Remote-Train/rawdata/Origin-earthquake-file/6000-uniform-scale-0.1-1.0/EQ188.txt,X:/pyproject/Remote-Train/rawdata/Scalogram/6000-1-20260525-211552/EQ188.png,0.02,6000,0.20981557667255402,0.044735166890294255,0.03352666646242142,4.023199558258057,0.24014821880429751,92.14,0.040673445574262376,0.6333333333333333,1.601163128658033,1.5789473684210527,0.9583333333333334,7,train
X:/pyproject/Remote-Train/rawdata/Origin-earthquake-file/6000-uniform-scale-0.1-1.0/EQ203.txt,X:/pyproject/Remote-Train/rawdata/Scalogram/6000-1-20260525-211552/EQ203.png,0.02,6000,0.1966426521539688,0.05454655759269763,0.0419318825006485,5.031825542449951,0.3570392334256175,91.16,0.07784630771795299,1.8166666666666667,2.2640228721834355,0.5504587155963303,0.9916666666666667,7,train
X:/pyproject/Remote-Train/rawdata/Origin-earthquake-file/6000-uniform-scale-0.1-1.0/EQ218.txt,X:/pyproject/Remote-Train/rawdata/Scalogram/6000-1-20260525-211552/EQ218.png,0.02,6000,0.19403336942195892,0.04907241106940828,0.03865250572562218,4.638300895690918,0.2889721833797982,99.3,0.038673112185364227,0.36666666666666664,1.6042838575376777,2.7272727272727275,0.975,7,train
X:/pyproject/Remote-Train/rawdata/Origin-earthquake-file/6000-uniform-scale-0.1-1.0/EQ219.txt,X:/pyproject/Remote-Train/rawdata/Scalogram/6000-1-20260525-211552/EQ219.png,0.02,6000,0.19427214562892914,0.04646556659134571,0.03236353024840355,3.8836236000061035,0.25908586543857387,65.66,0.03583930655109185,0.20833333333333334,1.8263386651413178,4.8,0.9458333333333333,7,train
X:/pyproject/Remote-Train/rawdata/Origin-earthquake-file/6000-uniform-scale-0.1-1.0/EQ226.txt,X:/pyproject/Remote-Train/rawdata/Scalogram/6000-1-20260525-211552/EQ226.png,0.02,6000,0.1750611960887909,0.04481069965808673,0.032850198447704315,3.942023515701294,0.2409598564616705,77.0,0.08318053008834805,2.0083333333333333,2.1843367858562392,0.4979253112033195,0.9291666666666667,7,train
X:/pyproject/Remote-Train/rawdata/Origin-earthquake-file/6000-uniform-scale-0.1-1.0/EQ130.txt,X:/pyproject/Remote-Train/rawdata/Scalogram/6000-1-20260525-211552/EQ130.png,0.02,6000,0.21909116208553314,0.03558341842448815,0.022260744124650955,2.6712892055511475,0.15194156001266437,48.86,0.03733955659276546,0.6,1.6090783917061688,1.6666666666666667,0.8291666666666667,0,val
X:/pyproject/Remote-Train/rawdata/Origin-earthquake-file/6000-uniform-scale-0.1-1.0/EQ160.txt,X:/pyproject/Remote-Train/rawdata/Scalogram/6000-1-20260525-211552/EQ160.png,0.02,6000,0.2251763641834259,0.03813654986014077,0.02015513740479946,2.418616533279419,0.17452757222820034,29.34,0.03233872312052009,0.275,1.3900317664992623,3.6363636363636362,0.7916666666666666,0,val
X:/pyproject/Remote-Train/rawdata/Origin-earthquake-file/6000-uniform-scale-0.1-1.0/EQ172.txt,X:/pyproject/Remote-Train/rawdata/Scalogram/6000-1-20260525-211552/EQ172.png,0.02,6000,0.2215687781572342,0.041392416181633494,0.026329152286052704,3.1594982147216797,0.20559985408242654,54.88,0.041173528921486915,0.21666666666666667,2.0561732569469644,4.615384615384615,0.8916666666666667,0,val
X:/pyproject/Remote-Train/rawdata/Origin-earthquake-file/6000-uniform-scale-0.1-1.0/EQ180.txt,X:/pyproject/Remote-Train/rawdata/Scalogram/6000-1-20260525-211552/EQ180.png,0.02,6000,0.21395009756088257,0.04111086621550231,0.024510642513632774,2.941277027130127,0.20281239851867155,40.02,0.08001333555592599,0.4,2.381331507154996,2.5,0.8708333333333333,0,val
X:/pyproject/Remote-Train/rawdata/Origin-earthquake-file/6000-uniform-scale-0.1-1.0/EQ201.txt,X:/pyproject/Remote-Train/rawdata/Scalogram/6000-1-20260525-211552/EQ201.png,0.02,6000,0.19870643317699432,0.031329211208910746,0.016478005796670914,1.9773606061935425,0.11778233699670464,32.76,0.022503750625104183,0.36666666666666664,1.1420444886239816,2.7272727272727275,0.6416666666666667,0,val
X:/pyproject/Remote-Train/rawdata/Origin-earthquake-file/6000-uniform-scale-0.1-1.0/EQ056.txt,X:/pyproject/Remote-Train/rawdata/Scalogram/6000-1-20260525-211552/EQ056.png,0.02,6000,0.16572067141532898,0.025246611942314073,0.011478005908429623,1.3773607015609741,0.07648696974789547,27.44,0.05800966827804634,1.8833333333333333,2.9293997041364164,0.5309734513274337,0.3416666666666667,1,val
X:/pyproject/Remote-Train/rawdata/Origin-earthquake-file/6000-uniform-scale-0.1-1.0/EQ108.txt,X:/pyproject/Remote-Train/rawdata/Scalogram/6000-1-20260525-211552/EQ108.png,0.02,6000,0.21234798431396484,0.028332789008609964,0.011831440031528473,1.419772744178772,0.09632963196076917,24.14,0.041506917819636606,1.4333333333333333,2.2357522424799336,0.6976744186046512,0.42916666666666664,1,val
X:/pyproject/Remote-Train/rawdata/Origin-earthquake-file/6000-uniform-scale-0.1-1.0/EQ162.txt,X:/pyproject/Remote-Train/rawdata/Scalogram/6000-1-20260525-211552/EQ162.png,0.02,6000,0.22570431232452393,0.0336888630175612,0.020948709920048714,2.513845205307007,0.13619273896992032,55.24,0.08018003000500083,1.75,2.081580894398332,0.5714285714285714,0.7833333333333333,1,val
X:/pyproject/Remote-Train/rawdata/Origin-earthquake-file/6000-uniform-scale-0.1-1.0/EQ165.txt,X:/pyproject/Remote-Train/rawdata/Scalogram/6000-1-20260525-211552/EQ165.png,0.02,6000,0.2275741845369339,0.027643852140918253,0.013700856827199459,1.644102692604065,0.09170190734267408,29.22,0.062177029504917485,0.675,2.5005153679367376,1.4814814814814814,0.5208333333333334,1,val
X:/pyproject/Remote-Train/rawdata/Origin-earthquake-file/6000-uniform-scale-0.1-1.0/EQ183.txt,X:/pyproject/Remote-Train/rawdata/Scalogram/6000-1-20260525-211552/EQ183.png,0.02,6000,0.21297942101955414,0.031973456049951963,0.013251576572656631,1.5901892185211182,0.12267622701338518,21.740000000000002,0.08834805800966827,0.9083333333333333,1.7365738807777413,1.1009174311926606,0.5125,1,val
X:/pyproject/Remote-Train/rawdata/Origin-earthquake-file/6000-uniform-scale-0.1-1.0/EQ205.txt,X:/pyproject/Remote-Train/rawdata/Scalogram/6000-1-20260525-211552/EQ205.png,0.02,6000,0.1976594626903534,0.02322203079789646,0.010770306922495365,1.2924368381500244,0.06471152572541419,26.0,0.026837806301050177,1.4583333333333333,1.907484325453762,0.6857142857142857,0.3125,1,val
X:/pyproject/Remote-Train/rawdata/Origin-earthquake-file/6000-uniform-scale-0.1-1.0/EQ107.txt,X:/pyproject/Remote-Train/rawdata/Scalogram/6000-1-20260525-211552/EQ107.png,0.02,6000,0.21104878187179565,0.01919842667771911,0.008895712904632092,1.0674855709075928,0.044229550427970825,27.72,0.03617269544924154,0.4583333333333333,1.685473939353075,2.181818181818182,0.20416666666666666,2,val
X:/pyproject/Remote-Train/rawdata/Origin-earthquake-file/6000-uniform-scale-0.1-1.0/EQ113.txt,X:/pyproject/Remote-Train/rawdata/Scalogram/6000-1-20260525-211552/EQ113.png,0.02,6000,0.21587172150611877,0.027038116544877734,0.01283472403883934,1.5401668548583984,0.08772716955532692,28.54,0.038506417736289385,0.4083333333333333,2.5218623910502767,2.4489795918367347,0.48333333333333334,2,val
X:/pyproject/Remote-Train/rawdata/Origin-earthquake-file/6000-uniform-scale-0.1-1.0/EQ122.txt,X:/pyproject/Remote-Train/rawdata/Scalogram/6000-1-20260525-211552/EQ122.png,0.02,6000,0.2152080088853836,0.025756888112662298,0.011522534303367138,1.3827041387557983,0.07961007422978454,18.98,0.032005334222370396,0.5416666666666666,1.442515107828082,1.8461538461538463,0.3958333333333333,2,val
X:/pyproject/Remote-Train/rawdata/Origin-earthquake-file/6000-uniform-scale-0.1-1.0/EQ128.txt,X:/pyproject/Remote-Train/rawdata/Scalogram/6000-1-20260525-211552/EQ128.png,0.02,6000,0.21806108951568604,0.03550573450913767,0.017577236518263817,2.1092681884765625,0.15127886196400434,25.6,0.061676946157692945,0.35833333333333334,2.4849297525895047,2.7906976744186047,0.6875,2,val
X:/pyproject/Remote-Train/rawdata/Origin-earthquake-file/6000-uniform-scale-0.1-1.0/EQ131.txt,X:/pyproject/Remote-Train/rawdata/Scalogram/6000-1-20260525-211552/EQ131.png,0.02,6000,0.22038964927196503,0.024264873445577637,0.008725722320377827,1.0470867156982422,0.07065408999958785,12.56,0.038839806634439075,0.6666666666666666,2.1810862161573388,1.5,0.225,2,val
X:/pyproject/Remote-Train/rawdata/Origin-earthquake-file/6000-uniform-scale-0.1-1.0/EQ141.txt,X:/pyproject/Remote-Train/rawdata/Scalogram/6000-1-20260525-211552/EQ141.png,0.02,6000,0.2239888608455658,0.025865556476012828,0.011729292571544647,1.407515048980713,0.0802832414176571,16.94,0.048841473578929824,0.5,1.6805897671951726,2.0,0.42083333333333334,2,val
X:/pyproject/Remote-Train/rawdata/Origin-earthquake-file/6000-uniform-scale-0.1-1.0/EQ185.txt,X:/pyproject/Remote-Train/rawdata/Scalogram/6000-1-20260525-211552/EQ185.png,0.02,6000,0.21112345159053802,0.030339938164824515,0.015257598832249641,1.8309118747711182,0.11046142174144503,29.46,0.033672278713118856,0.26666666666666666,1.5836304386251012,3.75,0.5833333333333334,2,val
X:/pyproject/Remote-Train/rawdata/Origin-earthquake-file/6000-uniform-scale-0.1-1.0/EQ214.txt,X:/pyproject/Remote-Train/rawdata/Scalogram/6000-1-20260525-211552/EQ214.png,0.02,6000,0.19202084839344025,0.020895233255923885,0.012113863602280617,1.4536635875701904,0.052393292738336095,47.300000000000004,0.036839473245540925,0.4666666666666667,1.9118671302925243,2.142857142857143,0.37916666666666665,2,val
X:/pyproject/Remote-Train/rawdata/Origin-earthquake-file/6000-uniform-scale-0.1-1.0/EQ016.txt,X:/pyproject/Remote-Train/rawdata/Scalogram/6000-1-20260525-211552/EQ016.png,0.02,6000,0.12342943251132965,0.01861207910179323,0.012368620373308659,1.4842344522476196,0.04156913861896899,53.64,0.14219036506084348,2.85,4.212723177913292,0.3508771929824561,0.30833333333333335,3,val
X:/pyproject/Remote-Train/rawdata/Origin-earthquake-file/6000-uniform-scale-0.1-1.0/EQ012.txt,X:/pyproject/Remote-Train/rawdata/Scalogram/6000-1-20260525-211552/EQ012.png,0.02,6000,0.12059156596660614,0.014420756303458385,0.007076111622154713,0.8491333723068237,0.024954985483648166,27.060000000000002,0.035172528754792466,0.3,1.4603135829176837,3.3333333333333335,0.11666666666666667,4,val
X:/pyproject/Remote-Train/rawdata/Origin-earthquake-file/6000-uniform-scale-0.1-1.0/EQ019.txt,X:/pyproject/Remote-Train/rawdata/Scalogram/6000-1-20260525-211552/EQ019.png,0.02,6000,0.13015636801719666,0.0177380618007788,0.007339865434914827,0.8807837963104248,0.03775666037378976,15.84,0.045007501250208366,0.5666666666666667,2.3609153725990284,1.7647058823529411,0.125,4,val
X:/pyproject/Remote-Train/rawdata/Origin-earthquake-file/6000-uniform-scale-0.1-1.0/EQ021.txt,X:/pyproject/Remote-Train/rawdata/Scalogram/6000-1-20260525-211552/EQ021.png,0.02,6000,0.13192597031593323,0.017679329812683914,0.009443055838346481,1.1331666707992554,0.03750704431507851,32.26,0.036006001000166696,0.36666666666666664,1.6561426006580167,2.7272727272727275,0.17083333333333334,4,val
X:/pyproject/Remote-Train/rawdata/Origin-earthquake-file/6000-uniform-scale-0.1-1.0/EQ049.txt,X:/pyproject/Remote-Train/rawdata/Scalogram/6000-1-20260525-211552/EQ049.png,0.02,6000,0.16149482131004333,0.011671698438327056,0.004212637897580862,0.505516529083252,0.016347425332229548,15.22,0.026504417402900483,0.4166666666666667,1.6283325463712204,2.4,0.058333333333333334,4,val
X:/pyproject/Remote-Train/rawdata/Origin-earthquake-file/6000-uniform-scale-0.1-1.0/EQ057.txt,X:/pyproject/Remote-Train/rawdata/Scalogram/6000-1-20260525-211552/EQ057.png,0.02,6000,0.16614225506782532,0.02167695422363118,0.008335135877132416,1.0002162456512451,0.05638684132960821,19.78,0.015835972662110353,0.36666666666666664,1.2181201840088662,2.7272727272727275,0.15833333333333333,4,val
X:/pyproject/Remote-Train/rawdata/Origin-earthquake-file/6000-uniform-scale-0.1-1.0/EQ068.txt,X:/pyproject/Remote-Train/rawdata/Scalogram/6000-1-20260525-211552/EQ068.png,0.02,6000,0.17893384397029877,0.01659830698064549,0.006432324182242155,0.7718788981437683,0.03306045535484938,13.620000000000001,0.026504417402900483,0.6166666666666667,1.4185582059016209,1.6216216216216215,0.12083333333333333,4,val
X:/pyproject/Remote-Train/rawdata/Origin-earthquake-file/6000-uniform-scale-0.1-1.0/EQ232.txt,X:/pyproject/Remote-Train/rawdata/Scalogram/6000-1-20260525-211552/EQ232.png,0.02,6000,0.1562049835920334,0.020446720770661793,0.010411841794848442,1.2494210004806519,0.050168206832809495,49.5,0.06634439073178863,0.675,2.4079046662774712,1.4814814814814814,0.24583333333333332,4,val
X:/pyproject/Remote-Train/rawdata/Origin-earthquake-file/6000-uniform-scale-0.1-1.0/EQ073.txt,X:/pyproject/Remote-Train/rawdata/Scalogram/6000-1-20260525-211552/EQ073.png,0.02,6000,0.1841488480567932,0.023089202516832434,0.01075507327914238,1.2906087636947632,0.06397335274359614,29.7,0.020170028338056343,0.09166666666666666,1.3944998769629493,10.90909090909091,0.29583333333333334,5,val
X:/pyproject/Remote-Train/rawdata/Origin-earthquake-file/6000-uniform-scale-0.1-1.0/EQ095.txt,X:/pyproject/Remote-Train/rawdata/Scalogram/6000-1-20260525-211552/EQ095.png,0.02,6000,0.20385433733463287,0.028599670251323903,0.015695197507739067,1.8834236860275269,0.09815293661813539,33.74,0.04417402900483414,0.08333333333333333,3.0622251516110133,12.0,0.5875,5,val
X:/pyproject/Remote-Train/rawdata/Origin-earthquake-file/6000-uniform-scale-0.1-1.0/EQ098.txt,X:/pyproject/Remote-Train/rawdata/Scalogram/6000-1-20260525-211552/EQ098.png,0.02,6000,0.20810936391353607,0.02681686978437829,0.014868858270347118,1.784263014793396,0.08629734060387616,45.72,0.040506751125187535,0.1,3.0816983131157105,10.0,0.5541666666666667,5,val
X:/pyproject/Remote-Train/rawdata/Origin-earthquake-file/6000-uniform-scale-0.1-1.0/EQ036.txt,X:/pyproject/Remote-Train/rawdata/Scalogram/6000-1-20260525-211552/EQ036.png,0.02,6000,0.14464932680130005,0.024198426928512456,0.01827230677008629,2.1926767826080322,0.07026766389774683,101.4,0.052175362560426736,1.3166666666666667,1.9249447083064692,0.759493670886076,0.6166666666666667,6,val
X:/pyproject/Remote-Train/rawdata/Origin-earthquake-file/6000-uniform-scale-0.1-1.0/EQ222.txt,X:/pyproject/Remote-Train/rawdata/Scalogram/6000-1-20260525-211552/EQ222.png,0.02,6000,0.1875404566526413,0.02509934831693106,0.016623197123408318,1.994783639907837,0.0755972743121556,73.14,0.027004500750125022,0.225,1.6685365442327182,4.444444444444445,0.5958333333333333,6,val
X:/pyproject/Remote-Train/rawdata/Origin-earthquake-file/6000-uniform-scale-0.1-1.0/EQ144.txt,X:/pyproject/Remote-Train/rawdata/Scalogram/6000-1-20260525-211552/EQ144.png,0.02,6000,0.22276318073272705,0.04986790113097556,0.03725308179855347,4.470369815826416,0.2984169075850504,88.96000000000001,0.07517919653275545,1.4333333333333333,2.340126709380682,0.6976744186046512,0.9791666666666666,7,val
X:/pyproject/Remote-Train/rawdata/Origin-earthquake-file/6000-uniform-scale-0.1-1.0/EQ153.txt,X:/pyproject/Remote-Train/rawdata/Scalogram/6000-1-20260525-211552/EQ153.png,0.02,6000,0.22321827709674835,0.05263608252276623,0.04065800830721855,4.878961086273193,0.3324668620012147,100.74000000000001,0.045507584597432905,0.06666666666666667,1.9274119945928516,15.0,0.9875,7,val
X:/pyproject/Remote-Train/rawdata/Origin-earthquake-file/6000-uniform-scale-0.1-1.0/EQ230.txt,X:/pyproject/Remote-Train/rawdata/Scalogram/6000-1-20260525-211552/EQ230.png,0.02,6000,0.16623398661613464,0.040047640447297306,0.029692912474274635,3.5631494522094727,0.1924576206475204,74.62,0.04017336222703784,0.20833333333333334,2.065327007538131,4.8,0.9041666666666667,7,val
