number,value,state,params_COLSAMPLE_BYTREE,params_LEARNING_RATE,params_MAX_DEPTH,params_MIN_CHILD_WEIGHT,params_N_ESTIMATORS,params_REG_ALPHA,params_REG_LAMBDA,params_SUBSAMPLE,params_WAVEFORM_FEATURE_COUNT,user_attrs_artifact_root,user_attrs_config_params,user_attrs_metrics,user_attrs_model_dir
0,0.0029359519283495466,COMPLETE,0.8684152931365712,0.07126133537558624,6,18.2467514001474,3000,0.00010079276887990879,0.0037940845958864496,0.6908428257784337,256,C:\Users\jiaotong1\5080train\update\run_logs\publication-hpo-20260611-005517\artifacts\xgboost\trial_0000,"{'N_ESTIMATORS': 3000, 'LEARNING_RATE': 0.07126133537558624, 'MAX_DEPTH': 6, 'MIN_CHILD_WEIGHT': 18.2467514001474, 'SUBSAMPLE': 0.6908428257784337, 'COLSAMPLE_BYTREE': 0.8684152931365712, 'REG_LAMBDA': 0.0037940845958864496, 'REG_ALPHA': 0.00010079276887990879, 'WAVEFORM_FEATURE_COUNT': 256}","{'Samples': 3420, 'R2': 0.8231229425606208, 'MAE': 0.0006367924256949542, 'RMSE': 0.001131389141302905, 'MAPE': 25.850650429284503, 'Bias': -0.00037989467588822503, 'SelectionScore': 0.0029359519283495466}",C:\Users\jiaotong1\5080train\update\run_logs\publication-hpo-20260611-005517\artifacts\xgboost\trial_0000\model-20260531-181258-99dfe0c9-train20260611-014327
1,0.003205538442804963,COMPLETE,0.7683370710104274,0.010833450721648489,5,2.8648955363366477,4500,6.822390181601416e-06,0.012030461619610727,0.925960730495063,64,C:\Users\jiaotong1\5080train\update\run_logs\publication-hpo-20260611-005517\artifacts\xgboost\trial_0001,"{'N_ESTIMATORS': 4500, 'LEARNING_RATE': 0.010833450721648489, 'MAX_DEPTH': 5, 'MIN_CHILD_WEIGHT': 2.8648955363366477, 'SUBSAMPLE': 0.925960730495063, 'COLSAMPLE_BYTREE': 0.7683370710104274, 'REG_LAMBDA': 0.012030461619610727, 'REG_ALPHA': 6.822390181601416e-06, 'WAVEFORM_FEATURE_COUNT': 64}","{'Samples': 3420, 'R2': 0.7968320726007528, 'MAE': 0.0006572844578578941, 'RMSE': 0.0012125616511904367, 'MAPE': 28.525869644558476, 'Bias': -0.0003474001308427299, 'SelectionScore': 0.003205538442804963}",C:\Users\jiaotong1\5080train\update\run_logs\publication-hpo-20260611-005517\artifacts\xgboost\trial_0001\model-20260531-181258-99dfe0c9-train20260611-014354
2,0.0032371374765065484,COMPLETE,0.8390788704723632,0.06923478034925869,8,1.5665339254708268,2750,0.0007193577796358434,0.0010123565000338239,0.9968133506575104,256,C:\Users\jiaotong1\5080train\update\run_logs\publication-hpo-20260611-005517\artifacts\xgboost\trial_0002,"{'N_ESTIMATORS': 2750, 'LEARNING_RATE': 0.06923478034925869, 'MAX_DEPTH': 8, 'MIN_CHILD_WEIGHT': 1.5665339254708268, 'SUBSAMPLE': 0.9968133506575104, 'COLSAMPLE_BYTREE': 0.8390788704723632, 'REG_LAMBDA': 0.0010123565000338239, 'REG_ALPHA': 0.0007193577796358434, 'WAVEFORM_FEATURE_COUNT': 256}","{'Samples': 3420, 'R2': 0.7919618956164514, 'MAE': 0.0006626262355617903, 'RMSE': 0.0012270088575804976, 'MAPE': 25.996707149915547, 'Bias': -0.0003685842672022137, 'SelectionScore': 0.0032371374765065484}",C:\Users\jiaotong1\5080train\update\run_logs\publication-hpo-20260611-005517\artifacts\xgboost\trial_0002\model-20260531-181258-99dfe0c9-train20260611-014408
3,0.003430265995476784,COMPLETE,0.8133546705792566,0.02717496391207872,3,19.593509865425244,750,3.6397309271825226e-06,1.6614376313383021,0.9300085933996209,256,C:\Users\jiaotong1\5080train\update\run_logs\publication-hpo-20260611-005517\artifacts\xgboost\trial_0003,"{'N_ESTIMATORS': 750, 'LEARNING_RATE': 0.02717496391207872, 'MAX_DEPTH': 3, 'MIN_CHILD_WEIGHT': 19.593509865425244, 'SUBSAMPLE': 0.9300085933996209, 'COLSAMPLE_BYTREE': 0.8133546705792566, 'REG_LAMBDA': 1.6614376313383021, 'REG_ALPHA': 3.6397309271825226e-06, 'WAVEFORM_FEATURE_COUNT': 256}","{'Samples': 3420, 'R2': 0.7717201643409821, 'MAE': 0.0007084503155190399, 'RMSE': 0.0012853163424396336, 'MAPE': 31.82326273478248, 'Bias': -0.00042448823810432087, 'SelectionScore': 0.003430265995476784}",C:\Users\jiaotong1\5080train\update\run_logs\publication-hpo-20260611-005517\artifacts\xgboost\trial_0003\model-20260531-181258-99dfe0c9-train20260611-014449
4,0.0029920802430608694,COMPLETE,0.8676646489942883,0.035417516531571554,5,9.667833206466728,1750,0.0030082968527761393,0.5150350170671573,0.8707196565556392,128,C:\Users\jiaotong1\5080train\update\run_logs\publication-hpo-20260611-005517\artifacts\xgboost\trial_0004,"{'N_ESTIMATORS': 1750, 'LEARNING_RATE': 0.035417516531571554, 'MAX_DEPTH': 5, 'MIN_CHILD_WEIGHT': 9.667833206466728, 'SUBSAMPLE': 0.8707196565556392, 'COLSAMPLE_BYTREE': 0.8676646489942883, 'REG_LAMBDA': 0.5150350170671573, 'REG_ALPHA': 0.0030082968527761393, 'WAVEFORM_FEATURE_COUNT': 128}","{'Samples': 3420, 'R2': 0.8206299132073925, 'MAE': 0.0006278250074417788, 'RMSE': 0.001139334538463465, 'MAPE': 26.46362972256463, 'Bias': -0.0003571226170017634, 'SelectionScore': 0.0029920802430608694}",C:\Users\jiaotong1\5080train\update\run_logs\publication-hpo-20260611-005517\artifacts\xgboost\trial_0004\model-20260531-181258-99dfe0c9-train20260611-014455
5,0.003789270473793376,COMPLETE,0.6088749972788572,0.014241739858878862,3,0.6502312170282649,750,4.131439830175403e-06,4.909578086110154,0.8902215957756107,128,C:\Users\jiaotong1\5080train\update\run_logs\publication-hpo-20260611-005517\artifacts\xgboost\trial_0005,"{'N_ESTIMATORS': 750, 'LEARNING_RATE': 0.014241739858878862, 'MAX_DEPTH': 3, 'MIN_CHILD_WEIGHT': 0.6502312170282649, 'SUBSAMPLE': 0.8902215957756107, 'COLSAMPLE_BYTREE': 0.6088749972788572, 'REG_LAMBDA': 4.909578086110154, 'REG_ALPHA': 4.131439830175403e-06, 'WAVEFORM_FEATURE_COUNT': 128}","{'Samples': 3420, 'R2': 0.7256768200924217, 'MAE': 0.0007663191509527811, 'RMSE': 0.001408988690236924, 'MAPE': 35.40154038393812, 'Bias': -0.00040797423505855267, 'SelectionScore': 0.003789270473793376}",C:\Users\jiaotong1\5080train\update\run_logs\publication-hpo-20260611-005517\artifacts\xgboost\trial_0005\model-20260531-181258-99dfe0c9-train20260611-014504
6,0.0034629952162121757,COMPLETE,0.6881052195853599,0.015323395397904704,3,4.273712567906062,1500,0.8866758661374607,0.02634454584691089,0.8474686067227604,256,C:\Users\jiaotong1\5080train\update\run_logs\publication-hpo-20260611-005517\artifacts\xgboost\trial_0006,"{'N_ESTIMATORS': 1500, 'LEARNING_RATE': 0.015323395397904704, 'MAX_DEPTH': 3, 'MIN_CHILD_WEIGHT': 4.273712567906062, 'SUBSAMPLE': 0.8474686067227604, 'COLSAMPLE_BYTREE': 0.6881052195853599, 'REG_LAMBDA': 0.02634454584691089, 'REG_ALPHA': 0.8866758661374607, 'WAVEFORM_FEATURE_COUNT': 256}","{'Samples': 3420, 'R2': 0.7669719862898252, 'MAE': 0.0007200403258609015, 'RMSE': 0.0012986147176264648, 'MAPE': 32.70516574350723, 'Bias': -0.0004423619514978138, 'SelectionScore': 0.0034629952162121757}",C:\Users\jiaotong1\5080train\update\run_logs\publication-hpo-20260611-005517\artifacts\xgboost\trial_0006\model-20260531-181258-99dfe0c9-train20260611-014509
7,0.003268451126726385,COMPLETE,0.9142064685703122,0.005981239188691928,6,0.9337645466164003,1750,2.4214375123242835,10.387873076680174,0.7929923274071122,128,C:\Users\jiaotong1\5080train\update\run_logs\publication-hpo-20260611-005517\artifacts\xgboost\trial_0007,"{'N_ESTIMATORS': 1750, 'LEARNING_RATE': 0.005981239188691928, 'MAX_DEPTH': 6, 'MIN_CHILD_WEIGHT': 0.9337645466164003, 'SUBSAMPLE': 0.7929923274071122, 'COLSAMPLE_BYTREE': 0.9142064685703122, 'REG_LAMBDA': 10.387873076680174, 'REG_ALPHA': 2.4214375123242835, 'WAVEFORM_FEATURE_COUNT': 128}","{'Samples': 3420, 'R2': 0.792604170740733, 'MAE': 0.0006546602504906667, 'RMSE': 0.0012251133239078239, 'MAPE': 27.155136903682244, 'Bias': -0.00037138873197288075, 'SelectionScore': 0.003268451126726385}",C:\Users\jiaotong1\5080train\update\run_logs\publication-hpo-20260611-005517\artifacts\xgboost\trial_0007\model-20260531-181258-99dfe0c9-train20260611-014518
8,0.0030606859133306564,COMPLETE,0.850243382138144,0.06936756886970731,6,8.052419220801426,2500,2.263141746257391e-06,0.003374688321211472,0.7259530682019205,256,C:\Users\jiaotong1\5080train\update\run_logs\publication-hpo-20260611-005517\artifacts\xgboost\trial_0008,"{'N_ESTIMATORS': 2500, 'LEARNING_RATE': 0.06936756886970731, 'MAX_DEPTH': 6, 'MIN_CHILD_WEIGHT': 8.052419220801426, 'SUBSAMPLE': 0.7259530682019205, 'COLSAMPLE_BYTREE': 0.850243382138144, 'REG_LAMBDA': 0.003374688321211472, 'REG_ALPHA': 2.263141746257391e-06, 'WAVEFORM_FEATURE_COUNT': 256}","{'Samples': 3420, 'R2': 0.8123564925792357, 'MAE': 0.0006325574723966346, 'RMSE': 0.001165314163429537, 'MAPE': 25.68031752256917, 'Bias': -0.00038291991648237487, 'SelectionScore': 0.0030606859133306564}",C:\Users\jiaotong1\5080train\update\run_logs\publication-hpo-20260611-005517\artifacts\xgboost\trial_0008\model-20260531-181258-99dfe0c9-train20260611-014531
9,0.0031963243723211084,COMPLETE,0.9116170517985652,0.07570560102600175,7,5.563495126830525,2750,0.012746278466993523,0.8205186894549229,0.6558412233761917,256,C:\Users\jiaotong1\5080train\update\run_logs\publication-hpo-20260611-005517\artifacts\xgboost\trial_0009,"{'N_ESTIMATORS': 2750, 'LEARNING_RATE': 0.07570560102600175, 'MAX_DEPTH': 7, 'MIN_CHILD_WEIGHT': 5.563495126830525, 'SUBSAMPLE': 0.6558412233761917, 'COLSAMPLE_BYTREE': 0.9116170517985652, 'REG_LAMBDA': 0.8205186894549229, 'REG_ALPHA': 0.012746278466993523, 'WAVEFORM_FEATURE_COUNT': 256}","{'Samples': 3420, 'R2': 0.7975073906337992, 'MAE': 0.0006618545481865311, 'RMSE': 0.0012105447325819166, 'MAPE': 27.052331842442747, 'Bias': -0.0003964467679817017, 'SelectionScore': 0.0031963243723211084}",C:\Users\jiaotong1\5080train\update\run_logs\publication-hpo-20260611-005517\artifacts\xgboost\trial_0009\model-20260531-181258-99dfe0c9-train20260611-014553
10,0.0031254832363320556,COMPLETE,0.8773639869137313,0.017672154927648478,7,12.63193541478032,3000,0.026658648705152305,0.007575139789183262,0.8067852676680626,256,C:\Users\jiaotong1\5080train\update\run_logs\publication-hpo-20260611-005517\artifacts\xgboost\trial_0010,"{'N_ESTIMATORS': 3000, 'LEARNING_RATE': 0.017672154927648478, 'MAX_DEPTH': 7, 'MIN_CHILD_WEIGHT': 12.63193541478032, 'SUBSAMPLE': 0.8067852676680626, 'COLSAMPLE_BYTREE': 0.8773639869137313, 'REG_LAMBDA': 0.007575139789183262, 'REG_ALPHA': 0.026658648705152305, 'WAVEFORM_FEATURE_COUNT': 256}","{'Samples': 3420, 'R2': 0.8068165245696237, 'MAE': 0.0006321824282309264, 'RMSE': 0.0011823913430384393, 'MAPE': 24.623181360163837, 'Bias': -0.0003753465827119657, 'SelectionScore': 0.0031254832363320556}",C:\Users\jiaotong1\5080train\update\run_logs\publication-hpo-20260611-005517\artifacts\xgboost\trial_0010\model-20260531-181258-99dfe0c9-train20260611-014628
11,0.0027805603382891017,COMPLETE,0.9036252546890837,0.05839750065625433,5,9.168703214624184,2250,0.00017945306651947647,0.12758905517206837,0.8495462004750188,128,C:\Users\jiaotong1\5080train\update\run_logs\publication-hpo-20260611-005517\artifacts\xgboost\trial_0011,"{'N_ESTIMATORS': 2250, 'LEARNING_RATE': 0.05839750065625433, 'MAX_DEPTH': 5, 'MIN_CHILD_WEIGHT': 9.168703214624184, 'SUBSAMPLE': 0.8495462004750188, 'COLSAMPLE_BYTREE': 0.9036252546890837, 'REG_LAMBDA': 0.12758905517206837, 'REG_ALPHA': 0.00017945306651947647, 'WAVEFORM_FEATURE_COUNT': 128}","{'Samples': 3420, 'R2': 0.8422107627176509, 'MAE': 0.0006045679999167347, 'RMSE': 0.001068599440222468, 'MAPE': 26.684903399151406, 'Bias': -0.00034349720162640286, 'SelectionScore': 0.0027805603382891017}",C:\Users\jiaotong1\5080train\update\run_logs\publication-hpo-20260611-005517\artifacts\xgboost\trial_0011\model-20260531-181258-99dfe0c9-train20260611-014701
12,0.0030606557207576413,COMPLETE,0.8248536426765055,0.053511373531819666,5,9.144814579664947,4250,0.12497989594763685,0.005150447971581258,0.6671345982871155,256,C:\Users\jiaotong1\5080train\update\run_logs\publication-hpo-20260611-005517\artifacts\xgboost\trial_0012,"{'N_ESTIMATORS': 4250, 'LEARNING_RATE': 0.053511373531819666, 'MAX_DEPTH': 5, 'MIN_CHILD_WEIGHT': 9.144814579664947, 'SUBSAMPLE': 0.6671345982871155, 'COLSAMPLE_BYTREE': 0.8248536426765055, 'REG_LAMBDA': 0.005150447971581258, 'REG_ALPHA': 0.12497989594763685, 'WAVEFORM_FEATURE_COUNT': 256}","{'Samples': 3420, 'R2': 0.8104173719790617, 'MAE': 0.0006485274266788642, 'RMSE': 0.0011713199047658335, 'MAPE': 26.541184580382996, 'Bias': -0.0003924842319561614, 'SelectionScore': 0.0030606557207576413}",C:\Users\jiaotong1\5080train\update\run_logs\publication-hpo-20260611-005517\artifacts\xgboost\trial_0012\model-20260531-181258-99dfe0c9-train20260611-014712
13,0.003391138439980351,COMPLETE,0.9414897500789543,0.02712955630926069,4,9.644554963285003,2250,0.0009671806698288268,0.0016905867608333547,0.6070724157677945,384,C:\Users\jiaotong1\5080train\update\run_logs\publication-hpo-20260611-005517\artifacts\xgboost\trial_0013,"{'N_ESTIMATORS': 2250, 'LEARNING_RATE': 0.02712955630926069, 'MAX_DEPTH': 4, 'MIN_CHILD_WEIGHT': 9.644554963285003, 'SUBSAMPLE': 0.6070724157677945, 'COLSAMPLE_BYTREE': 0.9414897500789543, 'REG_LAMBDA': 0.0016905867608333547, 'REG_ALPHA': 0.0009671806698288268, 'WAVEFORM_FEATURE_COUNT': 384}","{'Samples': 3420, 'R2': 0.7747033002976693, 'MAE': 0.0006918877073194206, 'RMSE': 0.0012768905382635244, 'MAPE': 29.10885969443238, 'Bias': -0.0003806495758170319, 'SelectionScore': 0.003391138439980351}",C:\Users\jiaotong1\5080train\update\run_logs\publication-hpo-20260611-005517\artifacts\xgboost\trial_0013\model-20260531-181258-99dfe0c9-train20260611-014742
14,0.0027404774940373534,COMPLETE,0.7516703377296836,0.02862267782869388,6,8.271887347193847,4000,8.231358575619905e-06,0.24588975009790753,0.6726877646360453,128,C:\Users\jiaotong1\5080train\update\run_logs\publication-hpo-20260611-005517\artifacts\xgboost\trial_0014,"{'N_ESTIMATORS': 4000, 'LEARNING_RATE': 0.02862267782869388, 'MAX_DEPTH': 6, 'MIN_CHILD_WEIGHT': 8.271887347193847, 'SUBSAMPLE': 0.6726877646360453, 'COLSAMPLE_BYTREE': 0.7516703377296836, 'REG_LAMBDA': 0.24588975009790753, 'REG_ALPHA': 8.231358575619905e-06, 'WAVEFORM_FEATURE_COUNT': 128}","{'Samples': 3420, 'R2': 0.8474716251635677, 'MAE': 0.0005766512407003162, 'RMSE': 0.001050634300695716, 'MAPE': 24.48202366065166, 'Bias': -0.0002925457941319841, 'SelectionScore': 0.0027404774940373534}",C:\Users\jiaotong1\5080train\update\run_logs\publication-hpo-20260611-005517\artifacts\xgboost\trial_0014\model-20260531-181258-99dfe0c9-train20260611-014801
15,0.0031359385629616283,COMPLETE,0.7631992280664157,0.02799114015096148,8,12.074120465101599,4750,9.697367569125987e-06,1.0416795457567627,0.6566162390770373,128,C:\Users\jiaotong1\5080train\update\run_logs\publication-hpo-20260611-005517\artifacts\xgboost\trial_0015,"{'N_ESTIMATORS': 4750, 'LEARNING_RATE': 0.02799114015096148, 'MAX_DEPTH': 8, 'MIN_CHILD_WEIGHT': 12.074120465101599, 'SUBSAMPLE': 0.6566162390770373, 'COLSAMPLE_BYTREE': 0.7631992280664157, 'REG_LAMBDA': 1.0416795457567627, 'REG_ALPHA': 9.697367569125987e-06, 'WAVEFORM_FEATURE_COUNT': 128}","{'Samples': 3420, 'R2': 0.8063199781166882, 'MAE': 0.0006273192530419405, 'RMSE': 0.0011839099393914775, 'MAPE': 24.91725727802437, 'Bias': -0.000350425032954332, 'SelectionScore': 0.0031359385629616283}",C:\Users\jiaotong1\5080train\update\run_logs\publication-hpo-20260611-005517\artifacts\xgboost\trial_0015\model-20260531-181258-99dfe0c9-train20260611-014822
16,0.002789432521100875,COMPLETE,0.846083938727956,0.07634301373856188,4,3.5946615549553185,3500,2.0719712620127536e-05,3.208798550088664,0.7020184400788267,128,C:\Users\jiaotong1\5080train\update\run_logs\publication-hpo-20260611-005517\artifacts\xgboost\trial_0016,"{'N_ESTIMATORS': 3500, 'LEARNING_RATE': 0.07634301373856188, 'MAX_DEPTH': 4, 'MIN_CHILD_WEIGHT': 3.5946615549553185, 'SUBSAMPLE': 0.7020184400788267, 'COLSAMPLE_BYTREE': 0.846083938727956, 'REG_LAMBDA': 3.208798550088664, 'REG_ALPHA': 2.0719712620127536e-05, 'WAVEFORM_FEATURE_COUNT': 128}","{'Samples': 3420, 'R2': 0.8408162887425117, 'MAE': 0.0006078268290940813, 'RMSE': 0.0010733109665296836, 'MAPE': 28.142178549377984, 'Bias': -0.00030580059105062506, 'SelectionScore': 0.002789432521100875}",C:\Users\jiaotong1\5080train\update\run_logs\publication-hpo-20260611-005517\artifacts\xgboost\trial_0016\model-20260531-181258-99dfe0c9-train20260611-014907
17,0.0033254544160049777,COMPLETE,0.6479487775463317,0.014409798504095024,5,17.63107927284978,5000,8.866237005161332e-06,0.013953048875390854,0.6586454079825604,64,C:\Users\jiaotong1\5080train\update\run_logs\publication-hpo-20260611-005517\artifacts\xgboost\trial_0017,"{'N_ESTIMATORS': 5000, 'LEARNING_RATE': 0.014409798504095024, 'MAX_DEPTH': 5, 'MIN_CHILD_WEIGHT': 17.63107927284978, 'SUBSAMPLE': 0.6586454079825604, 'COLSAMPLE_BYTREE': 0.6479487775463317, 'REG_LAMBDA': 0.013953048875390854, 'REG_ALPHA': 8.866237005161332e-06, 'WAVEFORM_FEATURE_COUNT': 64}","{'Samples': 3420, 'R2': 0.7794973534055332, 'MAE': 0.0006939551884762184, 'RMSE': 0.0012632321120301312, 'MAPE': 28.90571176918402, 'Bias': -0.0004026545417215926, 'SelectionScore': 0.0033254544160049777}",C:\Users\jiaotong1\5080train\update\run_logs\publication-hpo-20260611-005517\artifacts\xgboost\trial_0017\model-20260531-181258-99dfe0c9-train20260611-014921
18,0.003119331316751216,COMPLETE,0.6867375847100524,0.012323838563739862,4,8.333817558298747,4250,1.6431756434932835e-06,5.523835475766703,0.6055432131349704,128,C:\Users\jiaotong1\5080train\update\run_logs\publication-hpo-20260611-005517\artifacts\xgboost\trial_0018,"{'N_ESTIMATORS': 4250, 'LEARNING_RATE': 0.012323838563739862, 'MAX_DEPTH': 4, 'MIN_CHILD_WEIGHT': 8.333817558298747, 'SUBSAMPLE': 0.6055432131349704, 'COLSAMPLE_BYTREE': 0.6867375847100524, 'REG_LAMBDA': 5.523835475766703, 'REG_ALPHA': 1.6431756434932835e-06, 'WAVEFORM_FEATURE_COUNT': 128}","{'Samples': 3420, 'R2': 0.8084948692165654, 'MAE': 0.000639044249572164, 'RMSE': 0.0011772439328788095, 'MAPE': 27.77156355203163, 'Bias': -0.0003401280614032296, 'SelectionScore': 0.003119331316751216}",C:\Users\jiaotong1\5080train\update\run_logs\publication-hpo-20260611-005517\artifacts\xgboost\trial_0018\model-20260531-181258-99dfe0c9-train20260611-014937
19,0.0029970911376962415,COMPLETE,0.6229341654955283,0.05386785338454535,5,6.418740744542432,2000,0.00012307747057326333,0.03961587858844235,0.6842657773277333,128,C:\Users\jiaotong1\5080train\update\run_logs\publication-hpo-20260611-005517\artifacts\xgboost\trial_0019,"{'N_ESTIMATORS': 2000, 'LEARNING_RATE': 0.05386785338454535, 'MAX_DEPTH': 5, 'MIN_CHILD_WEIGHT': 6.418740744542432, 'SUBSAMPLE': 0.6842657773277333, 'COLSAMPLE_BYTREE': 0.6229341654955283, 'REG_LAMBDA': 0.03961587858844235, 'REG_ALPHA': 0.00012307747057326333, 'WAVEFORM_FEATURE_COUNT': 128}","{'Samples': 3420, 'R2': 0.8219118624485859, 'MAE': 0.0006134777950732865, 'RMSE': 0.0011352558537326223, 'MAPE': 26.7770132007752, 'Bias': -0.0003236662427212711, 'SelectionScore': 0.0029970911376962415}",C:\Users\jiaotong1\5080train\update\run_logs\publication-hpo-20260611-005517\artifacts\xgboost\trial_0019\model-20260531-181258-99dfe0c9-train20260611-014954
20,0.002910034931696329,COMPLETE,0.6566193405611983,0.025131795678279126,5,2.169133237395026,4500,0.00011478010042372302,0.2049452296775492,0.7825871756767829,128,C:\Users\jiaotong1\5080train\update\run_logs\publication-hpo-20260611-005517\artifacts\xgboost\trial_0020,"{'N_ESTIMATORS': 4500, 'LEARNING_RATE': 0.025131795678279126, 'MAX_DEPTH': 5, 'MIN_CHILD_WEIGHT': 2.169133237395026, 'SUBSAMPLE': 0.7825871756767829, 'COLSAMPLE_BYTREE': 0.6566193405611983, 'REG_LAMBDA': 0.2049452296775492, 'REG_ALPHA': 0.00011478010042372302, 'WAVEFORM_FEATURE_COUNT': 128}","{'Samples': 3420, 'R2': 0.8303110999186014, 'MAE': 0.0006026592038768562, 'RMSE': 0.001108161279196891, 'MAPE': 25.24564485373662, 'Bias': -0.0003304354556234347, 'SelectionScore': 0.002910034931696329}",C:\Users\jiaotong1\5080train\update\run_logs\publication-hpo-20260611-005517\artifacts\xgboost\trial_0020\model-20260531-181258-99dfe0c9-train20260611-015004
21,0.002881748608519152,COMPLETE,0.8347927659546018,0.06827721576272361,5,3.6432186252735,4500,2.9823301431334077e-06,15.593447853576093,0.7527096063869477,128,C:\Users\jiaotong1\5080train\update\run_logs\publication-hpo-20260611-005517\artifacts\xgboost\trial_0021,"{'N_ESTIMATORS': 4500, 'LEARNING_RATE': 0.06827721576272361, 'MAX_DEPTH': 5, 'MIN_CHILD_WEIGHT': 3.6432186252735, 'SUBSAMPLE': 0.7527096063869477, 'COLSAMPLE_BYTREE': 0.8347927659546018, 'REG_LAMBDA': 15.593447853576093, 'REG_ALPHA': 2.9823301431334077e-06, 'WAVEFORM_FEATURE_COUNT': 128}","{'Samples': 3420, 'R2': 0.8322510314546923, 'MAE': 0.000610187089338383, 'RMSE': 0.0011018086640786843, 'MAPE': 26.415252738912955, 'Bias': -0.0003370070539274991, 'SelectionScore': 0.002881748608519152}",C:\Users\jiaotong1\5080train\update\run_logs\publication-hpo-20260611-005517\artifacts\xgboost\trial_0021\model-20260531-181258-99dfe0c9-train20260611-015024
22,0.003221073608582399,COMPLETE,0.8774904740976726,0.04701560604336549,3,2.0358304401412277,3500,8.64944493909023e-05,0.1624655526801559,0.6328493873014288,128,C:\Users\jiaotong1\5080train\update\run_logs\publication-hpo-20260611-005517\artifacts\xgboost\trial_0022,"{'N_ESTIMATORS': 3500, 'LEARNING_RATE': 0.04701560604336549, 'MAX_DEPTH': 3, 'MIN_CHILD_WEIGHT': 2.0358304401412277, 'SUBSAMPLE': 0.6328493873014288, 'COLSAMPLE_BYTREE': 0.8774904740976726, 'REG_LAMBDA': 0.1624655526801559, 'REG_ALPHA': 8.64944493909023e-05, 'WAVEFORM_FEATURE_COUNT': 128}","{'Samples': 3420, 'R2': 0.7923623150403087, 'MAE': 0.000694043013182019, 'RMSE': 0.0012258274518372942, 'MAPE': 31.349019838112294, 'Bias': -0.0003887684963681175, 'SelectionScore': 0.003221073608582399}",C:\Users\jiaotong1\5080train\update\run_logs\publication-hpo-20260611-005517\artifacts\xgboost\trial_0022\model-20260531-181258-99dfe0c9-train20260611-015044
23,0.003368559083242823,COMPLETE,0.9266125352118512,0.053624504390501496,4,4.270066924616771,2500,0.0008192824639802141,6.975081395720239,0.7788895723654059,64,C:\Users\jiaotong1\5080train\update\run_logs\publication-hpo-20260611-005517\artifacts\xgboost\trial_0023,"{'N_ESTIMATORS': 2500, 'LEARNING_RATE': 0.053624504390501496, 'MAX_DEPTH': 4, 'MIN_CHILD_WEIGHT': 4.270066924616771, 'SUBSAMPLE': 0.7788895723654059, 'COLSAMPLE_BYTREE': 0.9266125352118512, 'REG_LAMBDA': 6.975081395720239, 'REG_ALPHA': 0.0008192824639802141, 'WAVEFORM_FEATURE_COUNT': 64}","{'Samples': 3420, 'R2': 0.7724790725632668, 'MAE': 0.0006908703428893183, 'RMSE': 0.0012831780694957564, 'MAPE': 28.39300494975597, 'Bias': -0.00039709263638909315, 'SelectionScore': 0.003368559083242823}",C:\Users\jiaotong1\5080train\update\run_logs\publication-hpo-20260611-005517\artifacts\xgboost\trial_0023\model-20260531-181258-99dfe0c9-train20260611-015057
24,0.003164116439789747,COMPLETE,0.8970449221229606,0.03393764252448643,5,6.102913666685357,4500,1.8070677588843607e-05,0.33479037002346573,0.684687404947679,384,C:\Users\jiaotong1\5080train\update\run_logs\publication-hpo-20260611-005517\artifacts\xgboost\trial_0024,"{'N_ESTIMATORS': 4500, 'LEARNING_RATE': 0.03393764252448643, 'MAX_DEPTH': 5, 'MIN_CHILD_WEIGHT': 6.102913666685357, 'SUBSAMPLE': 0.684687404947679, 'COLSAMPLE_BYTREE': 0.8970449221229606, 'REG_LAMBDA': 0.33479037002346573, 'REG_ALPHA': 1.8070677588843607e-05, 'WAVEFORM_FEATURE_COUNT': 384}","{'Samples': 3420, 'R2': 0.7987591758779751, 'MAE': 0.000665534920894026, 'RMSE': 0.001206797210088845, 'MAPE': 28.219957165463406, 'Bias': -0.0003621304395960844, 'SelectionScore': 0.003164116439789747}",C:\Users\jiaotong1\5080train\update\run_logs\publication-hpo-20260611-005517\artifacts\xgboost\trial_0024\model-20260531-181258-99dfe0c9-train20260611-015104
25,0.0029881532286193976,COMPLETE,0.8898770754871868,0.06644318997744508,4,3.9127757979707667,1000,0.00034566209642974765,0.006148077519251074,0.8401968901727039,128,C:\Users\jiaotong1\5080train\update\run_logs\publication-hpo-20260611-005517\artifacts\xgboost\trial_0025,"{'N_ESTIMATORS': 1000, 'LEARNING_RATE': 0.06644318997744508, 'MAX_DEPTH': 4, 'MIN_CHILD_WEIGHT': 3.9127757979707667, 'SUBSAMPLE': 0.8401968901727039, 'COLSAMPLE_BYTREE': 0.8898770754871868, 'REG_LAMBDA': 0.006148077519251074, 'REG_ALPHA': 0.00034566209642974765, 'WAVEFORM_FEATURE_COUNT': 128}","{'Samples': 3420, 'R2': 0.8216899596908731, 'MAE': 0.0006287774722112086, 'RMSE': 0.0011359629136841196, 'MAPE': 28.69157467096179, 'Bias': -0.00031804814202746854, 'SelectionScore': 0.0029881532286193976}",C:\Users\jiaotong1\5080train\update\run_logs\publication-hpo-20260611-005517\artifacts\xgboost\trial_0025\model-20260531-181258-99dfe0c9-train20260611-015146
26,0.0032748784077524054,COMPLETE,0.7222587638401098,0.030563426011712996,6,2.6407386552319037,3250,7.90702723035411e-05,0.43065118436012456,0.6221632625597797,64,C:\Users\jiaotong1\5080train\update\run_logs\publication-hpo-20260611-005517\artifacts\xgboost\trial_0026,"{'N_ESTIMATORS': 3250, 'LEARNING_RATE': 0.030563426011712996, 'MAX_DEPTH': 6, 'MIN_CHILD_WEIGHT': 2.6407386552319037, 'SUBSAMPLE': 0.6221632625597797, 'COLSAMPLE_BYTREE': 0.7222587638401098, 'REG_LAMBDA': 0.43065118436012456, 'REG_ALPHA': 7.90702723035411e-05, 'WAVEFORM_FEATURE_COUNT': 64}","{'Samples': 3420, 'R2': 0.7857191724260255, 'MAE': 0.0006832683161528169, 'RMSE': 0.0012452825757253423, 'MAPE': 28.617325772541577, 'Bias': -0.00036181803890058926, 'SelectionScore': 0.0032748784077524054}",C:\Users\jiaotong1\5080train\update\run_logs\publication-hpo-20260611-005517\artifacts\xgboost\trial_0026\model-20260531-181258-99dfe0c9-train20260611-015152
27,0.002973311174039135,COMPLETE,0.7700359115446245,0.028747839871147544,5,19.962608264826628,3750,8.264412156231966e-05,0.18545463575840782,0.781167179631017,128,C:\Users\jiaotong1\5080train\update\run_logs\publication-hpo-20260611-005517\artifacts\xgboost\trial_0027,"{'N_ESTIMATORS': 3750, 'LEARNING_RATE': 0.028747839871147544, 'MAX_DEPTH': 5, 'MIN_CHILD_WEIGHT': 19.962608264826628, 'SUBSAMPLE': 0.781167179631017, 'COLSAMPLE_BYTREE': 0.7700359115446245, 'REG_LAMBDA': 0.18545463575840782, 'REG_ALPHA': 8.264412156231966e-05, 'WAVEFORM_FEATURE_COUNT': 128}","{'Samples': 3420, 'R2': 0.8232450717350576, 'MAE': 0.0006160798855444494, 'RMSE': 0.0011309984759341636, 'MAPE': 25.73078465737677, 'Bias': -0.00033880512569127024, 'SelectionScore': 0.002973311174039135}",C:\Users\jiaotong1\5080train\update\run_logs\publication-hpo-20260611-005517\artifacts\xgboost\trial_0027\model-20260531-181258-99dfe0c9-train20260611-015205
28,0.002833607672449885,COMPLETE,0.8784408830449478,0.07608253924944398,4,5.966740503257683,3500,0.000123273501733407,0.007769841969679563,0.9942507752189071,128,C:\Users\jiaotong1\5080train\update\run_logs\publication-hpo-20260611-005517\artifacts\xgboost\trial_0028,"{'N_ESTIMATORS': 3500, 'LEARNING_RATE': 0.07608253924944398, 'MAX_DEPTH': 4, 'MIN_CHILD_WEIGHT': 5.966740503257683, 'SUBSAMPLE': 0.9942507752189071, 'COLSAMPLE_BYTREE': 0.8784408830449478, 'REG_LAMBDA': 0.007769841969679563, 'REG_ALPHA': 0.000123273501733407, 'WAVEFORM_FEATURE_COUNT': 128}","{'Samples': 3420, 'R2': 0.8358629473644364, 'MAE': 0.0006083467931708458, 'RMSE': 0.0010898822238339084, 'MAPE': 27.95072187617513, 'Bias': -0.00030028053418258905, 'SelectionScore': 0.002833607672449885}",C:\Users\jiaotong1\5080train\update\run_logs\publication-hpo-20260611-005517\artifacts\xgboost\trial_0028\model-20260531-181258-99dfe0c9-train20260611-015222
29,0.0030017764435154473,COMPLETE,0.8516095949255238,0.0487901519633674,4,1.5311062674386628,2250,0.00010467500671500575,8.151503068792522,0.6968610165483331,256,C:\Users\jiaotong1\5080train\update\run_logs\publication-hpo-20260611-005517\artifacts\xgboost\trial_0029,"{'N_ESTIMATORS': 2250, 'LEARNING_RATE': 0.0487901519633674, 'MAX_DEPTH': 4, 'MIN_CHILD_WEIGHT': 1.5311062674386628, 'SUBSAMPLE': 0.6968610165483331, 'COLSAMPLE_BYTREE': 0.8516095949255238, 'REG_LAMBDA': 8.151503068792522, 'REG_ALPHA': 0.00010467500671500575, 'WAVEFORM_FEATURE_COUNT': 256}","{'Samples': 3420, 'R2': 0.8192858316794434, 'MAE': 0.0006275330172387652, 'RMSE': 0.001143595283619751, 'MAPE': 26.990921446852436, 'Bias': -0.00037375908497780163, 'SelectionScore': 0.0030017764435154473}",C:\Users\jiaotong1\5080train\update\run_logs\publication-hpo-20260611-005517\artifacts\xgboost\trial_0029\model-20260531-181258-99dfe0c9-train20260611-015235
30,0.0033656500877338696,COMPLETE,0.9295197685466801,0.03561723574422367,6,14.603366090973072,2000,7.927719340862398e-06,0.7380109550789373,0.9317329577315168,384,C:\Users\jiaotong1\5080train\update\run_logs\publication-hpo-20260611-005517\artifacts\xgboost\trial_0030,"{'N_ESTIMATORS': 2000, 'LEARNING_RATE': 0.03561723574422367, 'MAX_DEPTH': 6, 'MIN_CHILD_WEIGHT': 14.603366090973072, 'SUBSAMPLE': 0.9317329577315168, 'COLSAMPLE_BYTREE': 0.9295197685466801, 'REG_LAMBDA': 0.7380109550789373, 'REG_ALPHA': 7.927719340862398e-06, 'WAVEFORM_FEATURE_COUNT': 384}","{'Samples': 3420, 'R2': 0.7785329885982639, 'MAE': 0.0006791529413616663, 'RMSE': 0.001265991461074376, 'MAPE': 27.61370572130648, 'Bias': -0.00035994970274157303, 'SelectionScore': 0.0033656500877338696}",C:\Users\jiaotong1\5080train\update\run_logs\publication-hpo-20260611-005517\artifacts\xgboost\trial_0030\model-20260531-181258-99dfe0c9-train20260611-015250
31,0.0032135819375033736,COMPLETE,0.8171959201480898,0.044333772665979244,4,7.156595373472391,3000,0.0003949699321591338,0.03207751515382763,0.9768143557832432,64,C:\Users\jiaotong1\5080train\update\run_logs\publication-hpo-20260611-005517\artifacts\xgboost\trial_0031,"{'N_ESTIMATORS': 3000, 'LEARNING_RATE': 0.044333772665979244, 'MAX_DEPTH': 4, 'MIN_CHILD_WEIGHT': 7.156595373472391, 'SUBSAMPLE': 0.9768143557832432, 'COLSAMPLE_BYTREE': 0.8171959201480898, 'REG_LAMBDA': 0.03207751515382763, 'REG_ALPHA': 0.0003949699321591338, 'WAVEFORM_FEATURE_COUNT': 64}","{'Samples': 3420, 'R2': 0.7937067486015771, 'MAE': 0.0006645217214545269, 'RMSE': 0.0012218524509394657, 'MAPE': 29.71211566306994, 'Bias': -0.00033994766260018994, 'SelectionScore': 0.0032135819375033736}",C:\Users\jiaotong1\5080train\update\run_logs\publication-hpo-20260611-005517\artifacts\xgboost\trial_0031\model-20260531-181258-99dfe0c9-train20260611-015314
32,0.00310764052590743,COMPLETE,0.8534382169396445,0.04357981501999712,3,2.1240142860980957,3750,0.00012272846958279857,0.004434888042928731,0.9002522609760838,128,C:\Users\jiaotong1\5080train\update\run_logs\publication-hpo-20260611-005517\artifacts\xgboost\trial_0032,"{'N_ESTIMATORS': 3750, 'LEARNING_RATE': 0.04357981501999712, 'MAX_DEPTH': 3, 'MIN_CHILD_WEIGHT': 2.1240142860980957, 'SUBSAMPLE': 0.9002522609760838, 'COLSAMPLE_BYTREE': 0.8534382169396445, 'REG_LAMBDA': 0.004434888042928731, 'REG_ALPHA': 0.00012272846958279857, 'WAVEFORM_FEATURE_COUNT': 128}","{'Samples': 3420, 'R2': 0.8083793328531511, 'MAE': 0.0006437533508941223, 'RMSE': 0.0011775989990169009, 'MAPE': 28.460747782485754, 'Bias': -0.000339862016773838, 'SelectionScore': 0.00310764052590743}",C:\Users\jiaotong1\5080train\update\run_logs\publication-hpo-20260611-005517\artifacts\xgboost\trial_0032\model-20260531-181258-99dfe0c9-train20260611-015323
33,0.002930470638654401,COMPLETE,0.9611477201801439,0.04790639618875524,4,8.427012695506304,3750,6.848494238037545e-06,0.23824931698878432,0.9526661149087715,128,C:\Users\jiaotong1\5080train\update\run_logs\publication-hpo-20260611-005517\artifacts\xgboost\trial_0033,"{'N_ESTIMATORS': 3750, 'LEARNING_RATE': 0.04790639618875524, 'MAX_DEPTH': 4, 'MIN_CHILD_WEIGHT': 8.427012695506304, 'SUBSAMPLE': 0.9526661149087715, 'COLSAMPLE_BYTREE': 0.9611477201801439, 'REG_LAMBDA': 0.23824931698878432, 'REG_ALPHA': 6.848494238037545e-06, 'WAVEFORM_FEATURE_COUNT': 128}","{'Samples': 3420, 'R2': 0.8275929408701432, 'MAE': 0.0006227450280944765, 'RMSE': 0.001117001550151628, 'MAPE': 28.129961818223308, 'Bias': -0.0003127750840457144, 'SelectionScore': 0.002930470638654401}",C:\Users\jiaotong1\5080train\update\run_logs\publication-hpo-20260611-005517\artifacts\xgboost\trial_0033\model-20260531-181258-99dfe0c9-train20260611-015335
34,0.0033987874315530697,COMPLETE,0.8990601073866372,0.04342794409303518,6,4.6096070802113,3000,0.00019339965963854064,0.003439858215521502,0.9993485976853105,384,C:\Users\jiaotong1\5080train\update\run_logs\publication-hpo-20260611-005517\artifacts\xgboost\trial_0034,"{'N_ESTIMATORS': 3000, 'LEARNING_RATE': 0.04342794409303518, 'MAX_DEPTH': 6, 'MIN_CHILD_WEIGHT': 4.6096070802113, 'SUBSAMPLE': 0.9993485976853105, 'COLSAMPLE_BYTREE': 0.8990601073866372, 'REG_LAMBDA': 0.003439858215521502, 'REG_ALPHA': 0.00019339965963854064, 'WAVEFORM_FEATURE_COUNT': 384}","{'Samples': 3420, 'R2': 0.7732339097000086, 'MAE': 0.0006964256163822963, 'RMSE': 0.001281047726652662, 'MAPE': 28.963428091563937, 'Bias': -0.00036819757390965977, 'SelectionScore': 0.0033987874315530697}",C:\Users\jiaotong1\5080train\update\run_logs\publication-hpo-20260611-005517\artifacts\xgboost\trial_0034\model-20260531-181258-99dfe0c9-train20260611-015349
35,0.0029390641471819527,COMPLETE,0.7789351170205253,0.04252545343218199,6,9.478667274427067,2500,1.2163192461131192e-06,0.7091832561737886,0.6941972821335033,128,C:\Users\jiaotong1\5080train\update\run_logs\publication-hpo-20260611-005517\artifacts\xgboost\trial_0035,"{'N_ESTIMATORS': 2500, 'LEARNING_RATE': 0.04252545343218199, 'MAX_DEPTH': 6, 'MIN_CHILD_WEIGHT': 9.478667274427067, 'SUBSAMPLE': 0.6941972821335033, 'COLSAMPLE_BYTREE': 0.7789351170205253, 'REG_LAMBDA': 0.7091832561737886, 'REG_ALPHA': 1.2163192461131192e-06, 'WAVEFORM_FEATURE_COUNT': 128}","{'Samples': 3420, 'R2': 0.8288534742299144, 'MAE': 0.0005955657515806967, 'RMSE': 0.001112910648034728, 'MAPE': 25.23793674828874, 'Bias': -0.00031872017702880837, 'SelectionScore': 0.0029390641471819527}",C:\Users\jiaotong1\5080train\update\run_logs\publication-hpo-20260611-005517\artifacts\xgboost\trial_0035\model-20260531-181258-99dfe0c9-train20260611-015422
36,0.0029131316181328472,COMPLETE,0.956462711479083,0.07876882828901684,6,19.237049005247027,2000,0.00013014057842061004,0.2896911534240676,0.9044793884003932,128,C:\Users\jiaotong1\5080train\update\run_logs\publication-hpo-20260611-005517\artifacts\xgboost\trial_0036,"{'N_ESTIMATORS': 2000, 'LEARNING_RATE': 0.07876882828901684, 'MAX_DEPTH': 6, 'MIN_CHILD_WEIGHT': 19.237049005247027, 'SUBSAMPLE': 0.9044793884003932, 'COLSAMPLE_BYTREE': 0.956462711479083, 'REG_LAMBDA': 0.2896911534240676, 'REG_ALPHA': 0.00013014057842061004, 'WAVEFORM_FEATURE_COUNT': 128}","{'Samples': 3420, 'R2': 0.8290729298368782, 'MAE': 0.0006202951006080662, 'RMSE': 0.0011121968946460003, 'MAPE': 27.278378788216614, 'Bias': -0.0003132019392667548, 'SelectionScore': 0.0029131316181328472}",C:\Users\jiaotong1\5080train\update\run_logs\publication-hpo-20260611-005517\artifacts\xgboost\trial_0036\model-20260531-181258-99dfe0c9-train20260611-015436
37,0.00290484396822828,COMPLETE,0.7733558141276304,0.06615584676417492,5,9.821775960668367,3500,0.0004159786336570395,0.0016419208976462705,0.8863780428149202,256,C:\Users\jiaotong1\5080train\update\run_logs\publication-hpo-20260611-005517\artifacts\xgboost\trial_0037,"{'N_ESTIMATORS': 3500, 'LEARNING_RATE': 0.06615584676417492, 'MAX_DEPTH': 5, 'MIN_CHILD_WEIGHT': 9.821775960668367, 'SUBSAMPLE': 0.8863780428149202, 'COLSAMPLE_BYTREE': 0.7733558141276304, 'REG_LAMBDA': 0.0016419208976462705, 'REG_ALPHA': 0.0004159786336570395, 'WAVEFORM_FEATURE_COUNT': 256}","{'Samples': 3420, 'R2': 0.8227296374905793, 'MAE': 0.0006516655112027472, 'RMSE': 0.0011326463252496948, 'MAPE': 27.922969166181932, 'Bias': -0.0004150334396981953, 'SelectionScore': 0.00290484396822828}",C:\Users\jiaotong1\5080train\update\run_logs\publication-hpo-20260611-005517\artifacts\xgboost\trial_0037\model-20260531-181258-99dfe0c9-train20260611-015448
38,0.002890942033151705,COMPLETE,0.9042184424669547,0.04847990353793736,5,11.419023609433255,4250,6.421682546787612e-05,0.003049169592332049,0.9928424052108067,128,C:\Users\jiaotong1\5080train\update\run_logs\publication-hpo-20260611-005517\artifacts\xgboost\trial_0038,"{'N_ESTIMATORS': 4250, 'LEARNING_RATE': 0.04847990353793736, 'MAX_DEPTH': 5, 'MIN_CHILD_WEIGHT': 11.419023609433255, 'SUBSAMPLE': 0.9928424052108067, 'COLSAMPLE_BYTREE': 0.9042184424669547, 'REG_LAMBDA': 0.003049169592332049, 'REG_ALPHA': 6.421682546787612e-05, 'WAVEFORM_FEATURE_COUNT': 128}","{'Samples': 3420, 'R2': 0.829342177387582, 'MAE': 0.0006149691492450265, 'RMSE': 0.0011113205726281604, 'MAPE': 26.455738916995365, 'Bias': -0.0003483135491896123, 'SelectionScore': 0.002890942033151705}",C:\Users\jiaotong1\5080train\update\run_logs\publication-hpo-20260611-005517\artifacts\xgboost\trial_0038\model-20260531-181258-99dfe0c9-train20260611-015512
39,0.0032786717372832444,COMPLETE,0.7848589920586927,0.053174992370177136,4,2.2901234643403696,3750,6.788132396790884e-06,1.3375145754743838,0.7711607431286484,64,C:\Users\jiaotong1\5080train\update\run_logs\publication-hpo-20260611-005517\artifacts\xgboost\trial_0039,"{'N_ESTIMATORS': 3750, 'LEARNING_RATE': 0.053174992370177136, 'MAX_DEPTH': 4, 'MIN_CHILD_WEIGHT': 2.2901234643403696, 'SUBSAMPLE': 0.7711607431286484, 'COLSAMPLE_BYTREE': 0.7848589920586927, 'REG_LAMBDA': 1.3375145754743838, 'REG_ALPHA': 6.788132396790884e-06, 'WAVEFORM_FEATURE_COUNT': 64}","{'Samples': 3420, 'R2': 0.7825114100941595, 'MAE': 0.0007031658823208803, 'RMSE': 0.0012545688284093875, 'MAPE': 31.468396835382684, 'Bias': -0.00038908542235735136, 'SelectionScore': 0.0032786717372832444}",C:\Users\jiaotong1\5080train\update\run_logs\publication-hpo-20260611-005517\artifacts\xgboost\trial_0039\model-20260531-181258-99dfe0c9-train20260611-015530
40,0.0028170017330584125,COMPLETE,0.814047640939592,0.06353303986410345,7,2.3629978724448675,2500,1.3239529832894762e-06,0.05727481707133886,0.9964915329570808,128,C:\Users\jiaotong1\5080train\update\run_logs\publication-hpo-20260611-005517\artifacts\xgboost\trial_0040,"{'N_ESTIMATORS': 2500, 'LEARNING_RATE': 0.06353303986410345, 'MAX_DEPTH': 7, 'MIN_CHILD_WEIGHT': 2.3629978724448675, 'SUBSAMPLE': 0.9964915329570808, 'COLSAMPLE_BYTREE': 0.814047640939592, 'REG_LAMBDA': 0.05727481707133886, 'REG_ALPHA': 1.3239529832894762e-06, 'WAVEFORM_FEATURE_COUNT': 128}","{'Samples': 3420, 'R2': 0.8385050520107475, 'MAE': 0.000593056943299715, 'RMSE': 0.0010810747511256515, 'MAPE': 24.98858875404552, 'Bias': -0.0003232348100427409, 'SelectionScore': 0.0028170017330584125}",C:\Users\jiaotong1\5080train\update\run_logs\publication-hpo-20260611-005517\artifacts\xgboost\trial_0040\model-20260531-181258-99dfe0c9-train20260611-015541
41,0.0030197561299312374,COMPLETE,0.8143040944961479,0.07390469318426536,8,0.9053032524428487,2250,1.7194075216465738e-05,0.020422658428443076,0.902072143161016,128,C:\Users\jiaotong1\5080train\update\run_logs\publication-hpo-20260611-005517\artifacts\xgboost\trial_0041,"{'N_ESTIMATORS': 2250, 'LEARNING_RATE': 0.07390469318426536, 'MAX_DEPTH': 8, 'MIN_CHILD_WEIGHT': 0.9053032524428487, 'SUBSAMPLE': 0.902072143161016, 'COLSAMPLE_BYTREE': 0.8143040944961479, 'REG_LAMBDA': 0.020422658428443076, 'REG_ALPHA': 1.7194075216465738e-05, 'WAVEFORM_FEATURE_COUNT': 128}","{'Samples': 3420, 'R2': 0.8179666260313739, 'MAE': 0.0006226026332218712, 'RMSE': 0.0011477617917800924, 'MAPE': 26.620449580249236, 'Bias': -0.00031598273969223436, 'SelectionScore': 0.0030197561299312374}",C:\Users\jiaotong1\5080train\update\run_logs\publication-hpo-20260611-005517\artifacts\xgboost\trial_0041\model-20260531-181258-99dfe0c9-train20260611-015559
42,0.0029221296551667593,COMPLETE,0.8756974876660093,0.0627933263352164,9,5.512185356517951,2250,5.030712583399303e-06,0.02843702313254667,0.9499956871893245,128,C:\Users\jiaotong1\5080train\update\run_logs\publication-hpo-20260611-005517\artifacts\xgboost\trial_0042,"{'N_ESTIMATORS': 2250, 'LEARNING_RATE': 0.0627933263352164, 'MAX_DEPTH': 9, 'MIN_CHILD_WEIGHT': 5.512185356517951, 'SUBSAMPLE': 0.9499956871893245, 'COLSAMPLE_BYTREE': 0.8756974876660093, 'REG_LAMBDA': 0.02843702313254667, 'REG_ALPHA': 5.030712583399303e-06, 'WAVEFORM_FEATURE_COUNT': 128}","{'Samples': 3420, 'R2': 0.8291015173344924, 'MAE': 0.0006103255650404199, 'RMSE': 0.0011121038834700173, 'MAPE': 25.24545688661254, 'Bias': -0.00031583031626725817, 'SelectionScore': 0.0029221296551667593}",C:\Users\jiaotong1\5080train\update\run_logs\publication-hpo-20260611-005517\artifacts\xgboost\trial_0042\model-20260531-181258-99dfe0c9-train20260611-015624
43,0.0028740970033241378,COMPLETE,0.8077743635461057,0.03313894774526921,6,1.7776084288644889,4250,1.307687164207631e-06,0.08810972774281613,0.9929268267204541,128,C:\Users\jiaotong1\5080train\update\run_logs\publication-hpo-20260611-005517\artifacts\xgboost\trial_0043,"{'N_ESTIMATORS': 4250, 'LEARNING_RATE': 0.03313894774526921, 'MAX_DEPTH': 6, 'MIN_CHILD_WEIGHT': 1.7776084288644889, 'SUBSAMPLE': 0.9929268267204541, 'COLSAMPLE_BYTREE': 0.8077743635461057, 'REG_LAMBDA': 0.08810972774281613, 'REG_ALPHA': 1.307687164207631e-06, 'WAVEFORM_FEATURE_COUNT': 128}","{'Samples': 3420, 'R2': 0.8336890255802242, 'MAE': 0.0005948800920830893, 'RMSE': 0.0010970759837311203, 'MAPE': 24.894038980096084, 'Bias': -0.00031179862133778137, 'SelectionScore': 0.0028740970033241378}",C:\Users\jiaotong1\5080train\update\run_logs\publication-hpo-20260611-005517\artifacts\xgboost\trial_0043\model-20260531-181258-99dfe0c9-train20260611-015655
44,0.002946908816393455,COMPLETE,0.8123794588835174,0.05283945929827721,4,4.4993492647211895,3000,9.911301168121166e-05,6.139928518001442,0.7698404088550004,128,C:\Users\jiaotong1\5080train\update\run_logs\publication-hpo-20260611-005517\artifacts\xgboost\trial_0044,"{'N_ESTIMATORS': 3000, 'LEARNING_RATE': 0.05283945929827721, 'MAX_DEPTH': 4, 'MIN_CHILD_WEIGHT': 4.4993492647211895, 'SUBSAMPLE': 0.7698404088550004, 'COLSAMPLE_BYTREE': 0.8123794588835174, 'REG_LAMBDA': 6.139928518001442, 'REG_ALPHA': 9.911301168121166e-05, 'WAVEFORM_FEATURE_COUNT': 128}","{'Samples': 3420, 'R2': 0.8256850256502803, 'MAE': 0.0006162569653401749, 'RMSE': 0.001123165104812592, 'MAPE': 27.00442698817709, 'Bias': -0.00033121133322560904, 'SelectionScore': 0.002946908816393455}",C:\Users\jiaotong1\5080train\update\run_logs\publication-hpo-20260611-005517\artifacts\xgboost\trial_0044\model-20260531-181258-99dfe0c9-train20260611-015717
45,0.0029973270094904763,COMPLETE,0.9186796483093752,0.046908032113638934,6,2.668527382630236,4000,0.0002537296005325945,1.1297919826558618,0.6719148495310341,128,C:\Users\jiaotong1\5080train\update\run_logs\publication-hpo-20260611-005517\artifacts\xgboost\trial_0045,"{'N_ESTIMATORS': 4000, 'LEARNING_RATE': 0.046908032113638934, 'MAX_DEPTH': 6, 'MIN_CHILD_WEIGHT': 2.668527382630236, 'SUBSAMPLE': 0.6719148495310341, 'COLSAMPLE_BYTREE': 0.9186796483093752, 'REG_LAMBDA': 1.1297919826558618, 'REG_ALPHA': 0.0002537296005325945, 'WAVEFORM_FEATURE_COUNT': 128}","{'Samples': 3420, 'R2': 0.8203468599926494, 'MAE': 0.0006153256795984992, 'RMSE': 0.0011402331419691318, 'MAPE': 25.5947888340392, 'Bias': -0.00033720329264091644, 'SelectionScore': 0.0029973270094904763}",C:\Users\jiaotong1\5080train\update\run_logs\publication-hpo-20260611-005517\artifacts\xgboost\trial_0045\model-20260531-181258-99dfe0c9-train20260611-015729
46,0.0032743035280347887,COMPLETE,0.7129776524307081,0.05613590013804159,8,2.9794243273788257,3750,4.4557728868882134e-05,0.3103600138497684,0.9465824419780361,256,C:\Users\jiaotong1\5080train\update\run_logs\publication-hpo-20260611-005517\artifacts\xgboost\trial_0046,"{'N_ESTIMATORS': 3750, 'LEARNING_RATE': 0.05613590013804159, 'MAX_DEPTH': 8, 'MIN_CHILD_WEIGHT': 2.9794243273788257, 'SUBSAMPLE': 0.9465824419780361, 'COLSAMPLE_BYTREE': 0.7129776524307081, 'REG_LAMBDA': 0.3103600138497684, 'REG_ALPHA': 4.4557728868882134e-05, 'WAVEFORM_FEATURE_COUNT': 256}","{'Samples': 3420, 'R2': 0.7880857446870188, 'MAE': 0.0006593359507527026, 'RMSE': 0.0012383868737692396, 'MAPE': 25.163209960362327, 'Bias': -0.0003946741437656004, 'SelectionScore': 0.0032743035280347887}",C:\Users\jiaotong1\5080train\update\run_logs\publication-hpo-20260611-005517\artifacts\xgboost\trial_0046\model-20260531-181258-99dfe0c9-train20260611-015754
47,0.002740337777118779,COMPLETE,0.7670979788419384,0.0673838196615659,5,4.527917033282544,3500,4.1383955997657895e-05,0.0045963207671804816,0.9906438848791574,128,C:\Users\jiaotong1\5080train\update\run_logs\publication-hpo-20260611-005517\artifacts\xgboost\trial_0047,"{'N_ESTIMATORS': 3500, 'LEARNING_RATE': 0.0673838196615659, 'MAX_DEPTH': 5, 'MIN_CHILD_WEIGHT': 4.527917033282544, 'SUBSAMPLE': 0.9906438848791574, 'COLSAMPLE_BYTREE': 0.7670979788419384, 'REG_LAMBDA': 0.0045963207671804816, 'REG_ALPHA': 4.1383955997657895e-05, 'WAVEFORM_FEATURE_COUNT': 128}","{'Samples': 3420, 'R2': 0.8442345085649721, 'MAE': 0.0006053183806563986, 'RMSE': 0.001061724596810041, 'MAPE': 26.727561738872172, 'Bias': -0.0003120894249561996, 'SelectionScore': 0.002740337777118779}",C:\Users\jiaotong1\5080train\update\run_logs\publication-hpo-20260611-005517\artifacts\xgboost\trial_0047\model-20260531-181258-99dfe0c9-train20260611-015850
48,0.00292208256219006,COMPLETE,0.6950578652943362,0.06554153837666377,5,4.400830973167418,2750,4.710854893756915e-05,0.0656950483519451,0.8936845478934452,128,C:\Users\jiaotong1\5080train\update\run_logs\publication-hpo-20260611-005517\artifacts\xgboost\trial_0048,"{'N_ESTIMATORS': 2750, 'LEARNING_RATE': 0.06554153837666377, 'MAX_DEPTH': 5, 'MIN_CHILD_WEIGHT': 4.400830973167418, 'SUBSAMPLE': 0.8936845478934452, 'COLSAMPLE_BYTREE': 0.6950578652943362, 'REG_LAMBDA': 0.0656950483519451, 'REG_ALPHA': 4.710854893756915e-05, 'WAVEFORM_FEATURE_COUNT': 128}","{'Samples': 3420, 'R2': 0.827530798861263, 'MAE': 0.0006169593221126265, 'RMSE': 0.0011172028367665298, 'MAPE': 26.995407464488927, 'Bias': -0.0003322013907336441, 'SelectionScore': 0.00292208256219006}",C:\Users\jiaotong1\5080train\update\run_logs\publication-hpo-20260611-005517\artifacts\xgboost\trial_0048\model-20260531-181258-99dfe0c9-train20260611-015905
49,0.003136743489048849,COMPLETE,0.6038154690171463,0.04574939673659458,5,8.75823573917626,4250,6.513238832103597e-05,0.004463114816946264,0.9717673051496126,64,C:\Users\jiaotong1\5080train\update\run_logs\publication-hpo-20260611-005517\artifacts\xgboost\trial_0049,"{'N_ESTIMATORS': 4250, 'LEARNING_RATE': 0.04574939673659458, 'MAX_DEPTH': 5, 'MIN_CHILD_WEIGHT': 8.75823573917626, 'SUBSAMPLE': 0.9717673051496126, 'COLSAMPLE_BYTREE': 0.6038154690171463, 'REG_LAMBDA': 0.004463114816946264, 'REG_ALPHA': 6.513238832103597e-05, 'WAVEFORM_FEATURE_COUNT': 64}","{'Samples': 3420, 'R2': 0.8026080783256568, 'MAE': 0.0006457273557609039, 'RMSE': 0.0011952009823640122, 'MAPE': 28.221867179760906, 'Bias': -0.00032741473160058376, 'SelectionScore': 0.003136743489048849}",C:\Users\jiaotong1\5080train\update\run_logs\publication-hpo-20260611-005517\artifacts\xgboost\trial_0049\model-20260531-181258-99dfe0c9-train20260611-015918
