feature,importance
wave_cav_tail_risk,0.06345898456323924
wave_intensity_tail_risk,0.05369710862837608
wave_arias_tail_risk,0.05205789221346504
tail_risk_proxy,0.048063856694479004
log1p_tail_risk_proxy,0.04691178574877773
damper_story_1,0.038329191123351744
flexibility_x_period,0.03739841032634875
wave_intensity_score_x_period,0.027363583122008848
floor_height,0.026726065006649983
wave_pga_x_period,0.026000194940488875
wave_arias_proxy_x_period,0.02436803515456467
period_squared,0.02184338854686587
floor_height_x_period,0.021468473460296573
wave_cav_x_period,0.02038759555721144
log1p_period_1_sec,0.018991742619710362
mass_to_stiffness,0.018396679365781123
period_1_sec,0.01793147754571696
damper_sparse_ratio,0.01718193278787643
damper_install_ratio,0.016998421109536595
floor_mass_x_period,0.015347485956091518
num_floors_x_period,0.014145731585134495
height_to_stiffness,0.013640763226090076
k_base_1_4,0.012403218733207431
wave_structure_period_log_gap,0.012087364777609261
inv_k_base_1_4,0.011950951268385955
wave_to_structure_period_ratio,0.01108871441667185
wave_dominant_freq_x_period,0.010568381794514765
structure_to_wave_period_ratio,0.01016239061645131
strength_inverse_x_period,0.009441972052002642
damper_install_count,0.008632685488693297
wave_rms,0.007903718597072115
wave_dominant_freq,0.007424905321145338
wave_predominant_period,0.0071885889014832545
wave_intensity_score,0.007082095156237656
log1p_wave_predominant_period,0.007060374820417414
inv_Fy_add,0.0069023067768999614
Fy_add,0.0068676504699533404
log1p_wave_rms,0.006845328475852084
damper_story_2,0.006392789505116689
log1p_wave_dominant_freq,0.006105604970192126
wave_arias_proxy,0.006036533085661352
wave_spectral_centroid_x_period,0.005998301456326427
floor_mass,0.005744255105610673
log1p_wave_arias_proxy,0.0052274496339917206
log1p_wave_mean_abs,0.005005690300208156
log1p_wave_intensity_score,0.004987296195428583
log1p_wave_spectral_centroid,0.004315415442602761
wave_cav,0.0043126822753141725
wave_spectral_centroid,0.004140097419824735
num_floors,0.004112771245125982
log1p_wave_zero_crossing_rate,0.00389861403228602
wave_mean_abs,0.0038439129646882088
wave_zero_crossing_rate,0.003790933665867993
waveform_acc_scaled_0034,0.0037087676235794693
log1p_wave_cav,0.0034307515966300476
waveform_acc_scaled_0035,0.003040964121433749
waveform_acc_scaled_0028,0.0027903880075483625
log1p_wave_pga,0.002657593519881523
waveform_acc_scaled_0027,0.0026379418945846928
waveform_acc_scaled_0094,0.0026206584247642907
wave_pga,0.0025470683757734
damper_story_3,0.0023447092896143316
waveform_acc_scaled_0118,0.0022389498116291836
waveform_acc_scaled_0057,0.0020465687265964687
waveform_acc_scaled_0104,0.001854109239909493
waveform_acc_scaled_0068,0.001772959492439338
waveform_acc_scaled_0072,0.0017371680352414683
damper_story_4,0.00172482706683488
waveform_acc_scaled_0022,0.0016952364533526433
waveform_acc_scaled_0060,0.0016928248816280255
waveform_acc_scaled_0032,0.0016811730459608115
waveform_acc_scaled_0080,0.0016754112907463338
waveform_acc_scaled_0042,0.001569491814704256
waveform_acc_scaled_0054,0.0015324284356053762
waveform_acc_scaled_0014,0.001497656505959029
waveform_acc_scaled_0074,0.0014889217100101959
waveform_acc_scaled_0105,0.0014710481515683833
waveform_acc_scaled_0087,0.001469798747207604
waveform_acc_scaled_0011,0.0014685760130969633
waveform_acc_scaled_0030,0.0014408313870682918
waveform_acc_scaled_0086,0.0013478032530746815
damper_story_5,0.0013072295876099588
wave_duration_5_95,0.001267742275683809
waveform_acc_scaled_0110,0.0012459548137540462
waveform_acc_scaled_0097,0.0012293524059232236
log1p_wave_duration_5_95,0.0011961301190402131
waveform_acc_scaled_0085,0.0011911365285655199
waveform_acc_scaled_0016,0.0011796090588778864
waveform_acc_scaled_0088,0.0011790957080099508
waveform_acc_scaled_0096,0.0011312151186424568
waveform_acc_scaled_0112,0.0010934033679352762
waveform_acc_scaled_0093,0.0010768732645626232
waveform_acc_scaled_0117,0.0010742374502455516
waveform_acc_scaled_0024,0.0010702304229244885
waveform_acc_scaled_0044,0.0010651465987675996
waveform_acc_scaled_0122,0.0010609596725637937
waveform_acc_scaled_0020,0.001040689443511339
waveform_acc_scaled_0113,0.0010241947855969772
waveform_acc_scaled_0062,0.0010183917939725802
waveform_acc_scaled_0037,0.0009964023157281565
waveform_acc_scaled_0103,0.000989711148435919
waveform_acc_scaled_0108,0.0009808965252458364
waveform_acc_scaled_0091,0.0009775539242628285
waveform_acc_scaled_0114,0.0009721230698485704
waveform_acc_scaled_0124,0.0009715259573660836
waveform_acc_scaled_0025,0.0009655676314396741
waveform_acc_scaled_0009,0.0009595035707730213
waveform_acc_scaled_0015,0.0009585608451937185
waveform_acc_scaled_0045,0.0009565816855211013
waveform_acc_scaled_0064,0.0009553964446323936
waveform_acc_scaled_0059,0.0009545531768229605
waveform_acc_scaled_0000,0.0009529967061934856
damper_story_6,0.0009498431979769822
waveform_acc_scaled_0092,0.0009470444118801406
waveform_acc_scaled_0063,0.0009276889376119668
waveform_acc_scaled_0095,0.0009236524480242054
waveform_acc_scaled_0047,0.0009213295447634115
waveform_acc_scaled_0050,0.0009075701275018391
waveform_acc_scaled_0077,0.000905967837987039
waveform_acc_scaled_0036,0.0009008905618576411
waveform_acc_scaled_0018,0.0008932301294513512
waveform_acc_scaled_0039,0.0008855010741477416
waveform_acc_scaled_0102,0.0008759677342605723
waveform_acc_scaled_0021,0.0008600766651391205
waveform_acc_scaled_0013,0.0008412625470117572
waveform_acc_scaled_0051,0.0008299934580641913
waveform_acc_scaled_0065,0.0008222309279040646
waveform_acc_scaled_0019,0.000801854957479546
waveform_acc_scaled_0046,0.0007965661968076469
waveform_acc_scaled_0038,0.0007900074424775481
waveform_acc_scaled_0040,0.0007856583478449736
waveform_acc_scaled_0012,0.0007834393644868508
waveform_acc_scaled_0026,0.000769234651200431
waveform_acc_scaled_0058,0.0007535525923286703
waveform_acc_scaled_0010,0.0007427597984866945
waveform_acc_scaled_0008,0.0007324560607859901
waveform_acc_scaled_0107,0.0007240672058220553
waveform_acc_scaled_0116,0.0007152742887497758
waveform_acc_scaled_0106,0.0007097095602071488
waveform_acc_scaled_0002,0.0007091038425118576
waveform_acc_scaled_0090,0.0007067967884720182
waveform_acc_scaled_0006,0.0007018175402836502
waveform_acc_scaled_0098,0.0006948428225143134
waveform_acc_scaled_0043,0.0006925675786863601
waveform_acc_scaled_0067,0.00069087880537917
waveform_acc_scaled_0120,0.0006858794125057446
waveform_acc_scaled_0031,0.0006853127548456973
waveform_acc_scaled_0089,0.0006822295624519561
waveform_acc_scaled_0069,0.000669602229413323
waveform_acc_scaled_0082,0.000664824612804987
waveform_acc_scaled_0111,0.0006585926793079143
waveform_acc_scaled_0084,0.0006581022919428818
waveform_acc_scaled_0003,0.0006560727338589214
waveform_acc_scaled_0119,0.0006531386891936914
waveform_acc_scaled_0041,0.0006526535402311763
waveform_acc_scaled_0001,0.0006391294628492847
waveform_acc_scaled_0079,0.0006345326799763812
waveform_acc_scaled_0109,0.0006292645169295558
waveform_acc_scaled_0123,0.0006253956186159683
waveform_acc_scaled_0052,0.0006217597022061993
waveform_acc_scaled_0055,0.0006117148106095795
waveform_acc_scaled_0033,0.0006094648118437217
waveform_acc_scaled_0007,0.0006067859654816426
waveform_acc_scaled_0053,0.0005983466955975797
waveform_acc_scaled_0029,0.0005957874165750103
waveform_acc_scaled_0004,0.0005931903823497047
waveform_acc_scaled_0005,0.0005921855879517148
waveform_acc_scaled_0073,0.0005875974746136572
waveform_acc_scaled_0081,0.0005829661367331653
waveform_acc_scaled_0049,0.0005754774929744127
waveform_acc_scaled_0083,0.0005555629820381252
waveform_acc_scaled_0115,0.0005528608280472924
waveform_acc_scaled_0099,0.0005364147254099117
waveform_acc_scaled_0066,0.0005338251695501656
waveform_acc_scaled_0070,0.0005281187603305101
waveform_acc_scaled_0121,0.0005260329590252276
damper_story_7,0.0005204178878663057
waveform_acc_scaled_0075,0.0005136549254907829
waveform_acc_scaled_0048,0.0005124578659920061
waveform_acc_scaled_0023,0.0005091294569734066
waveform_acc_scaled_0078,0.0005047046081620335
waveform_acc_scaled_0101,0.0005015402622235667
waveform_acc_scaled_0061,0.0004871213648917236
waveform_acc_scaled_0017,0.00048243228503091974
waveform_acc_scaled_0056,0.0004630024883691192
waveform_acc_scaled_0076,0.0004571640818542866
waveform_acc_scaled_0071,0.0004507982260502205
waveform_acc_scaled_0100,0.00044252983172486237
waveform_acc_scaled_0236,0.0
waveform_acc_scaled_0239,0.0
waveform_acc_scaled_0235,0.0
waveform_acc_scaled_0234,0.0
waveform_acc_scaled_0233,0.0
waveform_acc_scaled_0232,0.0
waveform_acc_scaled_0231,0.0
waveform_acc_scaled_0230,0.0
waveform_acc_scaled_0229,0.0
waveform_acc_scaled_0228,0.0
waveform_acc_scaled_0227,0.0
waveform_acc_scaled_0226,0.0
waveform_acc_scaled_0225,0.0
waveform_acc_scaled_0238,0.0
waveform_acc_scaled_0237,0.0
waveform_acc_scaled_0240,0.0
waveform_acc_scaled_0125,0.0
waveform_acc_scaled_0126,0.0
waveform_acc_scaled_0127,0.0
waveform_acc_scaled_0128,0.0
waveform_acc_scaled_0129,0.0
waveform_acc_scaled_0130,0.0
waveform_acc_scaled_0131,0.0
waveform_acc_scaled_0132,0.0
waveform_acc_scaled_0133,0.0
waveform_acc_scaled_0134,0.0
waveform_acc_scaled_0135,0.0
waveform_acc_scaled_0136,0.0
waveform_acc_scaled_0137,0.0
waveform_acc_scaled_0138,0.0
waveform_acc_scaled_0139,0.0
waveform_acc_scaled_0140,0.0
waveform_acc_scaled_0141,0.0
waveform_acc_scaled_0142,0.0
waveform_acc_scaled_0143,0.0
waveform_acc_scaled_0144,0.0
waveform_acc_scaled_0145,0.0
waveform_acc_scaled_0146,0.0
waveform_acc_scaled_0147,0.0
waveform_acc_scaled_0148,0.0
waveform_acc_scaled_0149,0.0
waveform_acc_scaled_0150,0.0
waveform_acc_scaled_0151,0.0
waveform_acc_scaled_0152,0.0
waveform_acc_scaled_0153,0.0
waveform_acc_scaled_0154,0.0
waveform_acc_scaled_0155,0.0
waveform_acc_scaled_0156,0.0
waveform_acc_scaled_0157,0.0
waveform_acc_scaled_0158,0.0
waveform_acc_scaled_0159,0.0
waveform_acc_scaled_0160,0.0
waveform_acc_scaled_0161,0.0
waveform_acc_scaled_0162,0.0
waveform_acc_scaled_0163,0.0
waveform_acc_scaled_0164,0.0
waveform_acc_scaled_0165,0.0
waveform_acc_scaled_0166,0.0
waveform_acc_scaled_0167,0.0
waveform_acc_scaled_0168,0.0
waveform_acc_scaled_0169,0.0
waveform_acc_scaled_0170,0.0
waveform_acc_scaled_0171,0.0
waveform_acc_scaled_0172,0.0
waveform_acc_scaled_0173,0.0
waveform_acc_scaled_0174,0.0
waveform_acc_scaled_0175,0.0
waveform_acc_scaled_0176,0.0
waveform_acc_scaled_0177,0.0
waveform_acc_scaled_0178,0.0
waveform_acc_scaled_0179,0.0
waveform_acc_scaled_0180,0.0
waveform_acc_scaled_0181,0.0
waveform_acc_scaled_0182,0.0
waveform_acc_scaled_0183,0.0
waveform_acc_scaled_0184,0.0
waveform_acc_scaled_0185,0.0
waveform_acc_scaled_0186,0.0
waveform_acc_scaled_0187,0.0
waveform_acc_scaled_0188,0.0
waveform_acc_scaled_0189,0.0
waveform_acc_scaled_0190,0.0
waveform_acc_scaled_0191,0.0
waveform_acc_scaled_0192,0.0
waveform_acc_scaled_0193,0.0
waveform_acc_scaled_0194,0.0
waveform_acc_scaled_0195,0.0
waveform_acc_scaled_0196,0.0
waveform_acc_scaled_0197,0.0
waveform_acc_scaled_0198,0.0
waveform_acc_scaled_0199,0.0
waveform_acc_scaled_0200,0.0
waveform_acc_scaled_0201,0.0
waveform_acc_scaled_0202,0.0
waveform_acc_scaled_0203,0.0
waveform_acc_scaled_0204,0.0
waveform_acc_scaled_0205,0.0
waveform_acc_scaled_0206,0.0
waveform_acc_scaled_0207,0.0
waveform_acc_scaled_0208,0.0
waveform_acc_scaled_0209,0.0
waveform_acc_scaled_0210,0.0
waveform_acc_scaled_0211,0.0
waveform_acc_scaled_0212,0.0
waveform_acc_scaled_0213,0.0
waveform_acc_scaled_0214,0.0
waveform_acc_scaled_0215,0.0
waveform_acc_scaled_0216,0.0
waveform_acc_scaled_0217,0.0
waveform_acc_scaled_0218,0.0
waveform_acc_scaled_0219,0.0
waveform_acc_scaled_0220,0.0
waveform_acc_scaled_0221,0.0
waveform_acc_scaled_0222,0.0
waveform_acc_scaled_0223,0.0
waveform_acc_scaled_0224,0.0
waveform_acc_scaled_0241,0.0
waveform_acc_scaled_0242,0.0
waveform_acc_scaled_0243,0.0
waveform_acc_scaled_0244,0.0
waveform_acc_scaled_0245,0.0
waveform_acc_scaled_0246,0.0
waveform_acc_scaled_0247,0.0
waveform_acc_scaled_0248,0.0
waveform_acc_scaled_0249,0.0
waveform_acc_scaled_0250,0.0
waveform_acc_scaled_0251,0.0
waveform_acc_scaled_0252,0.0
waveform_acc_scaled_0253,0.0
waveform_acc_scaled_0254,0.0
waveform_acc_scaled_0255,0.0
