number,value,state,params_DEPTH,params_ITERATIONS,params_L2_LEAF_REG,params_LEARNING_RATE,params_SUBSAMPLE,params_WAVEFORM_FEATURE_COUNT,user_attrs_artifact_root,user_attrs_config_params,user_attrs_metrics,user_attrs_model_dir
0,0.0035144534882972844,COMPLETE,7,3750,27.56665904786012,0.07126133537558624,0.6908428257784337,64,C:\Users\jiaotong1\5080train\update\run_logs\publication-hpo-20260611-005517\artifacts\catboost\trial_0000,"{'ITERATIONS': 3750, 'LEARNING_RATE': 0.07126133537558624, 'DEPTH': 7, 'L2_LEAF_REG': 27.56665904786012, 'SUBSAMPLE': 0.6908428257784337, 'WAVEFORM_FEATURE_COUNT': 64}","{'Samples': 3420, 'R2': 0.7565474155057279, 'MAE': 0.0007044219162404867, 'RMSE': 0.001327343870316882, 'MAPE': 28.18849513761961, 'Bias': -0.00042303418078400997, 'SelectionScore': 0.0035144534882972844}",C:\Users\jiaotong1\5080train\update\run_logs\publication-hpo-20260611-005517\artifacts\catboost\trial_0000\model-20260531-181258-99dfe0c9-train20260611-021100
1,0.0034707043230532983,COMPLETE,9,1000,20.01123639316325,0.0638425893490876,0.7115492850154328,256,C:\Users\jiaotong1\5080train\update\run_logs\publication-hpo-20260611-005517\artifacts\catboost\trial_0001,"{'ITERATIONS': 1000, 'LEARNING_RATE': 0.0638425893490876, 'DEPTH': 9, 'L2_LEAF_REG': 20.01123639316325, 'SUBSAMPLE': 0.7115492850154328, 'WAVEFORM_FEATURE_COUNT': 256}","{'Samples': 3420, 'R2': 0.7676072843247637, 'MAE': 0.000674860699087353, 'RMSE': 0.0012968433202056428, 'MAPE': 27.000025035369653, 'Bias': -0.0004016600562242503, 'SelectionScore': 0.0034707043230532983}",C:\Users\jiaotong1\5080train\update\run_logs\publication-hpo-20260611-005517\artifacts\catboost\trial_0001\model-20260531-181258-99dfe0c9-train20260611-021132
2,0.003667650382786043,COMPLETE,10,1750,1.409349737880221,0.007061022991254895,0.7793910167928412,256,C:\Users\jiaotong1\5080train\update\run_logs\publication-hpo-20260611-005517\artifacts\catboost\trial_0002,"{'ITERATIONS': 1750, 'LEARNING_RATE': 0.007061022991254895, 'DEPTH': 10, 'L2_LEAF_REG': 1.409349737880221, 'SUBSAMPLE': 0.7793910167928412, 'WAVEFORM_FEATURE_COUNT': 256}","{'Samples': 3420, 'R2': 0.7414334730674534, 'MAE': 0.0007165774004051216, 'RMSE': 0.0013679253722485665, 'MAPE': 28.991542277501612, 'Bias': -0.0004041238700597604, 'SelectionScore': 0.003667650382786043}",C:\Users\jiaotong1\5080train\update\run_logs\publication-hpo-20260611-005517\artifacts\catboost\trial_0002\model-20260531-181258-99dfe0c9-train20260611-021216
3,0.003120807532120507,COMPLETE,8,2250,1.004059975597095,0.07825231898733907,0.7705901022324212,256,C:\Users\jiaotong1\5080train\update\run_logs\publication-hpo-20260611-005517\artifacts\catboost\trial_0003,"{'ITERATIONS': 2250, 'LEARNING_RATE': 0.07825231898733907, 'DEPTH': 8, 'L2_LEAF_REG': 1.004059975597095, 'SUBSAMPLE': 0.7705901022324212, 'WAVEFORM_FEATURE_COUNT': 256}","{'Samples': 3420, 'R2': 0.8038421046331625, 'MAE': 0.0006353547065033214, 'RMSE': 0.0011914591325640237, 'MAPE': 25.485957060544816, 'Bias': -0.00037965234894741433, 'SelectionScore': 0.003120807532120507}",C:\Users\jiaotong1\5080train\update\run_logs\publication-hpo-20260611-005517\artifacts\catboost\trial_0003\model-20260531-181258-99dfe0c9-train20260611-021535
4,0.0037441880719917353,COMPLETE,4,750,29.437366963651552,0.02717496391207872,0.9300085933996209,128,C:\Users\jiaotong1\5080train\update\run_logs\publication-hpo-20260611-005517\artifacts\catboost\trial_0004,"{'ITERATIONS': 750, 'LEARNING_RATE': 0.02717496391207872, 'DEPTH': 4, 'L2_LEAF_REG': 29.437366963651552, 'SUBSAMPLE': 0.9300085933996209, 'WAVEFORM_FEATURE_COUNT': 128}","{'Samples': 3420, 'R2': 0.7316253872488465, 'MAE': 0.0007225197485448736, 'RMSE': 0.001393628339939078, 'MAPE': 30.877709317691927, 'Bias': -0.0004100801477225184, 'SelectionScore': 0.0037441880719917353}",C:\Users\jiaotong1\5080train\update\run_logs\publication-hpo-20260611-005517\artifacts\catboost\trial_0004\model-20260531-181258-99dfe0c9-train20260611-021631
5,0.003447127457082009,COMPLETE,5,2000,2.48181284517144,0.06786270168191356,0.8824463054179081,128,C:\Users\jiaotong1\5080train\update\run_logs\publication-hpo-20260611-005517\artifacts\catboost\trial_0005,"{'ITERATIONS': 2000, 'LEARNING_RATE': 0.06786270168191356, 'DEPTH': 5, 'L2_LEAF_REG': 2.48181284517144, 'SUBSAMPLE': 0.8824463054179081, 'WAVEFORM_FEATURE_COUNT': 128}","{'Samples': 3420, 'R2': 0.7657247191992141, 'MAE': 0.0006895577080104042, 'RMSE': 0.0013020854544610095, 'MAPE': 26.94296415282946, 'Bias': -0.0004403642636308983, 'SelectionScore': 0.003447127457082009}",C:\Users\jiaotong1\5080train\update\run_logs\publication-hpo-20260611-005517\artifacts\catboost\trial_0005\model-20260531-181258-99dfe0c9-train20260611-021637
6,0.003489650650181932,COMPLETE,7,3750,13.12524225737541,0.021095403085532125,0.8156662389109919,64,C:\Users\jiaotong1\5080train\update\run_logs\publication-hpo-20260611-005517\artifacts\catboost\trial_0006,"{'ITERATIONS': 3750, 'LEARNING_RATE': 0.021095403085532125, 'DEPTH': 7, 'L2_LEAF_REG': 13.12524225737541, 'SUBSAMPLE': 0.8156662389109919, 'WAVEFORM_FEATURE_COUNT': 64}","{'Samples': 3420, 'R2': 0.761002784159868, 'MAE': 0.0006815819000212021, 'RMSE': 0.001315142082585873, 'MAPE': 26.141934475289425, 'Bias': -0.00043325323029963774, 'SelectionScore': 0.003489650650181932}",C:\Users\jiaotong1\5080train\update\run_logs\publication-hpo-20260611-005517\artifacts\catboost\trial_0006\model-20260531-181258-99dfe0c9-train20260611-021650
7,0.0037936636742777526,COMPLETE,4,750,16.51100617247426,0.03737868869153593,0.6367878304708811,128,C:\Users\jiaotong1\5080train\update\run_logs\publication-hpo-20260611-005517\artifacts\catboost\trial_0007,"{'ITERATIONS': 750, 'LEARNING_RATE': 0.03737868869153593, 'DEPTH': 4, 'L2_LEAF_REG': 16.51100617247426, 'SUBSAMPLE': 0.6367878304708811, 'WAVEFORM_FEATURE_COUNT': 128}","{'Samples': 3420, 'R2': 0.7211710564153893, 'MAE': 0.0007481107319038753, 'RMSE': 0.0014205128952539227, 'MAPE': 30.483023846731, 'Bias': -0.0004617399586796818, 'SelectionScore': 0.0037936636742777526}",C:\Users\jiaotong1\5080train\update\run_logs\publication-hpo-20260611-005517\artifacts\catboost\trial_0007\model-20260531-181258-99dfe0c9-train20260611-021722
8,0.0033068825747224026,COMPLETE,9,4750,1.1855113827434718,0.050094735319912806,0.8027903959412767,256,C:\Users\jiaotong1\5080train\update\run_logs\publication-hpo-20260611-005517\artifacts\catboost\trial_0008,"{'ITERATIONS': 4750, 'LEARNING_RATE': 0.050094735319912806, 'DEPTH': 9, 'L2_LEAF_REG': 1.1855113827434718, 'SUBSAMPLE': 0.8027903959412767, 'WAVEFORM_FEATURE_COUNT': 256}","{'Samples': 3420, 'R2': 0.7833301557949552, 'MAE': 0.0006509764276535478, 'RMSE': 0.0012522051610356424, 'MAPE': 25.121395662893963, 'Bias': -0.00039376098140793566, 'SelectionScore': 0.0033068825747224026}",C:\Users\jiaotong1\5080train\update\run_logs\publication-hpo-20260611-005517\artifacts\catboost\trial_0008\model-20260531-181258-99dfe0c9-train20260611-021727
9,0.0037594099599715103,COMPLETE,10,1000,2.390296896833934,0.06553237182431915,0.8184514988695062,384,C:\Users\jiaotong1\5080train\update\run_logs\publication-hpo-20260611-005517\artifacts\catboost\trial_0009,"{'ITERATIONS': 1000, 'LEARNING_RATE': 0.06553237182431915, 'DEPTH': 10, 'L2_LEAF_REG': 2.390296896833934, 'SUBSAMPLE': 0.8184514988695062, 'WAVEFORM_FEATURE_COUNT': 384}","{'Samples': 3420, 'R2': 0.7239054029370287, 'MAE': 0.000755947853691683, 'RMSE': 0.001413530578426008, 'MAPE': 30.181240695368114, 'Bias': -0.00042917334765512586, 'SelectionScore': 0.0037594099599715103}",C:\Users\jiaotong1\5080train\update\run_logs\publication-hpo-20260611-005517\artifacts\catboost\trial_0009\model-20260531-181258-99dfe0c9-train20260611-022051
10,0.0032004830970894576,COMPLETE,8,2250,1.153843572489484,0.038732015001637574,0.66133523224077,256,C:\Users\jiaotong1\5080train\update\run_logs\publication-hpo-20260611-005517\artifacts\catboost\trial_0010,"{'ITERATIONS': 2250, 'LEARNING_RATE': 0.038732015001637574, 'DEPTH': 8, 'L2_LEAF_REG': 1.153843572489484, 'SUBSAMPLE': 0.66133523224077, 'WAVEFORM_FEATURE_COUNT': 256}","{'Samples': 3420, 'R2': 0.79657735109093, 'MAE': 0.00064284539999146, 'RMSE': 0.0012133215368407022, 'MAPE': 24.449951071088844, 'Bias': -0.0004154439895232534, 'SelectionScore': 0.0032004830970894576}",C:\Users\jiaotong1\5080train\update\run_logs\publication-hpo-20260611-005517\artifacts\catboost\trial_0010\model-20260531-181258-99dfe0c9-train20260611-022325
11,0.003389001582649643,COMPLETE,8,1750,1.2815557643444335,0.02366332155432833,0.6001550625705424,256,C:\Users\jiaotong1\5080train\update\run_logs\publication-hpo-20260611-005517\artifacts\catboost\trial_0011,"{'ITERATIONS': 1750, 'LEARNING_RATE': 0.02366332155432833, 'DEPTH': 8, 'L2_LEAF_REG': 1.2815557643444335, 'SUBSAMPLE': 0.6001550625705424, 'WAVEFORM_FEATURE_COUNT': 256}","{'Samples': 3420, 'R2': 0.7766067892302303, 'MAE': 0.0006534638047113074, 'RMSE': 0.0012714849938844123, 'MAPE': 25.17004362128371, 'Bias': -0.00040083140433982804, 'SelectionScore': 0.003389001582649643}",C:\Users\jiaotong1\5080train\update\run_logs\publication-hpo-20260611-005517\artifacts\catboost\trial_0011\model-20260531-181258-99dfe0c9-train20260611-022421
12,0.0031834421094462354,COMPLETE,4,3250,1.062639161615603,0.04614615212346844,0.6100514401865286,256,C:\Users\jiaotong1\5080train\update\run_logs\publication-hpo-20260611-005517\artifacts\catboost\trial_0012,"{'ITERATIONS': 3250, 'LEARNING_RATE': 0.04614615212346844, 'DEPTH': 4, 'L2_LEAF_REG': 1.062639161615603, 'SUBSAMPLE': 0.6100514401865286, 'WAVEFORM_FEATURE_COUNT': 256}","{'Samples': 3420, 'R2': 0.7996869208487474, 'MAE': 0.0006443113314731574, 'RMSE': 0.0012040122547901787, 'MAPE': 26.80114645691812, 'Bias': -0.00038980109232541414, 'SelectionScore': 0.0031834421094462354}",C:\Users\jiaotong1\5080train\update\run_logs\publication-hpo-20260611-005517\artifacts\catboost\trial_0012\model-20260531-181258-99dfe0c9-train20260611-022504
13,0.0033822313722440276,COMPLETE,4,3250,3.2174893397233753,0.041403394065629845,0.6217678161434094,256,C:\Users\jiaotong1\5080train\update\run_logs\publication-hpo-20260611-005517\artifacts\catboost\trial_0013,"{'ITERATIONS': 3250, 'LEARNING_RATE': 0.041403394065629845, 'DEPTH': 4, 'L2_LEAF_REG': 3.2174893397233753, 'SUBSAMPLE': 0.6217678161434094, 'WAVEFORM_FEATURE_COUNT': 256}","{'Samples': 3420, 'R2': 0.7756962019018036, 'MAE': 0.0006831891635150981, 'RMSE': 0.0012740737490988788, 'MAPE': 28.212288640859807, 'Bias': -0.0004087818888507566, 'SelectionScore': 0.0033822313722440276}",C:\Users\jiaotong1\5080train\update\run_logs\publication-hpo-20260611-005517\artifacts\catboost\trial_0013\model-20260531-181258-99dfe0c9-train20260611-022522
14,0.0034601335421703045,COMPLETE,6,500,1.4957302545348807,0.07867030734897514,0.7011988691378608,256,C:\Users\jiaotong1\5080train\update\run_logs\publication-hpo-20260611-005517\artifacts\catboost\trial_0014,"{'ITERATIONS': 500, 'LEARNING_RATE': 0.07867030734897514, 'DEPTH': 6, 'L2_LEAF_REG': 1.4957302545348807, 'SUBSAMPLE': 0.7011988691378608, 'WAVEFORM_FEATURE_COUNT': 256}","{'Samples': 3420, 'R2': 0.7663036069916228, 'MAE': 0.0006886942404504247, 'RMSE': 0.0013004757507424339, 'MAPE': 28.505289773941094, 'Bias': -0.00040011170891051073, 'SelectionScore': 0.0034601335421703045}",C:\Users\jiaotong1\5080train\update\run_logs\publication-hpo-20260611-005517\artifacts\catboost\trial_0014\model-20260531-181258-99dfe0c9-train20260611-022540
15,0.0032631106446196993,COMPLETE,7,4750,1.1768387809856102,0.017031711563254698,0.6638691383295161,128,C:\Users\jiaotong1\5080train\update\run_logs\publication-hpo-20260611-005517\artifacts\catboost\trial_0015,"{'ITERATIONS': 4750, 'LEARNING_RATE': 0.017031711563254698, 'DEPTH': 7, 'L2_LEAF_REG': 1.1768387809856102, 'SUBSAMPLE': 0.6638691383295161, 'WAVEFORM_FEATURE_COUNT': 128}","{'Samples': 3420, 'R2': 0.7917095620209005, 'MAE': 0.000640212303993761, 'RMSE': 0.0012277527639189194, 'MAPE': 25.46046385918699, 'Bias': -0.00037294533265379103, 'SelectionScore': 0.0032631106446196993}",C:\Users\jiaotong1\5080train\update\run_logs\publication-hpo-20260611-005517\artifacts\catboost\trial_0015\model-20260531-181258-99dfe0c9-train20260611-022548
16,0.0038228127349259366,COMPLETE,4,1000,1.8977560794662103,0.010885211101943506,0.6647882516599157,256,C:\Users\jiaotong1\5080train\update\run_logs\publication-hpo-20260611-005517\artifacts\catboost\trial_0016,"{'ITERATIONS': 1000, 'LEARNING_RATE': 0.010885211101943506, 'DEPTH': 4, 'L2_LEAF_REG': 1.8977560794662103, 'SUBSAMPLE': 0.6647882516599157, 'WAVEFORM_FEATURE_COUNT': 256}","{'Samples': 3420, 'R2': 0.7203633755951199, 'MAE': 0.0007483371023514145, 'RMSE': 0.0014225687997607567, 'MAPE': 32.016822959106115, 'Bias': -0.0004262656448132177, 'SelectionScore': 0.0038228127349259366}",C:\Users\jiaotong1\5080train\update\run_logs\publication-hpo-20260611-005517\artifacts\catboost\trial_0016\model-20260531-181258-99dfe0c9-train20260611-022638
17,0.0032050669065824696,COMPLETE,5,4250,1.7211348560541484,0.07319969299399304,0.6108576102635103,128,C:\Users\jiaotong1\5080train\update\run_logs\publication-hpo-20260611-005517\artifacts\catboost\trial_0017,"{'ITERATIONS': 4250, 'LEARNING_RATE': 0.07319969299399304, 'DEPTH': 5, 'L2_LEAF_REG': 1.7211348560541484, 'SUBSAMPLE': 0.6108576102635103, 'WAVEFORM_FEATURE_COUNT': 128}","{'Samples': 3420, 'R2': 0.8014992638977735, 'MAE': 0.0006164624794572566, 'RMSE': 0.0011985531970667704, 'MAPE': 26.54768376159598, 'Bias': -0.0003040292179512586, 'SelectionScore': 0.0032050669065824696}",C:\Users\jiaotong1\5080train\update\run_logs\publication-hpo-20260611-005517\artifacts\catboost\trial_0017\model-20260531-181258-99dfe0c9-train20260611-022645
18,0.0032249470175816928,COMPLETE,4,4500,1.4144628365622522,0.0514209763274518,0.7829592053986173,256,C:\Users\jiaotong1\5080train\update\run_logs\publication-hpo-20260611-005517\artifacts\catboost\trial_0018,"{'ITERATIONS': 4500, 'LEARNING_RATE': 0.0514209763274518, 'DEPTH': 4, 'L2_LEAF_REG': 1.4144628365622522, 'SUBSAMPLE': 0.7829592053986173, 'WAVEFORM_FEATURE_COUNT': 256}","{'Samples': 3420, 'R2': 0.7935030827161552, 'MAE': 0.0006577101857911333, 'RMSE': 0.0012224554475712404, 'MAPE': 26.837388568154044, 'Bias': -0.0003833004532763976, 'SelectionScore': 0.0032249470175816928}",C:\Users\jiaotong1\5080train\update\run_logs\publication-hpo-20260611-005517\artifacts\catboost\trial_0018\model-20260531-181258-99dfe0c9-train20260611-022708
19,0.0032371566263346995,COMPLETE,8,2250,1.2125395841413318,0.05798089048604106,0.7607259538808779,128,C:\Users\jiaotong1\5080train\update\run_logs\publication-hpo-20260611-005517\artifacts\catboost\trial_0019,"{'ITERATIONS': 2250, 'LEARNING_RATE': 0.05798089048604106, 'DEPTH': 8, 'L2_LEAF_REG': 1.2125395841413318, 'SUBSAMPLE': 0.7607259538808779, 'WAVEFORM_FEATURE_COUNT': 128}","{'Samples': 3420, 'R2': 0.7935637760947759, 'MAE': 0.0006326434526808208, 'RMSE': 0.001222275782894084, 'MAPE': 24.48492623900951, 'Bias': -0.00037894429214931243, 'SelectionScore': 0.0032371566263346995}",C:\Users\jiaotong1\5080train\update\run_logs\publication-hpo-20260611-005517\artifacts\catboost\trial_0019\model-20260531-181258-99dfe0c9-train20260611-022734
20,0.0032823081642539037,COMPLETE,8,1000,1.2938595076694213,0.028770728582048065,0.8998660954543402,256,C:\Users\jiaotong1\5080train\update\run_logs\publication-hpo-20260611-005517\artifacts\catboost\trial_0020,"{'ITERATIONS': 1000, 'LEARNING_RATE': 0.028770728582048065, 'DEPTH': 8, 'L2_LEAF_REG': 1.2938595076694213, 'SUBSAMPLE': 0.8998660954543402, 'WAVEFORM_FEATURE_COUNT': 256}","{'Samples': 3420, 'R2': 0.7899036639345874, 'MAE': 0.000641603631784324, 'RMSE': 0.0012330636444452853, 'MAPE': 25.372809144275696, 'Bias': -0.000384927854367178, 'SelectionScore': 0.0032823081642539037}",C:\Users\jiaotong1\5080train\update\run_logs\publication-hpo-20260611-005517\artifacts\catboost\trial_0020\model-20260531-181258-99dfe0c9-train20260611-022814
21,0.0032263310453720384,COMPLETE,4,1500,1.0427861404115466,0.058350692740718996,0.6160018445257858,256,C:\Users\jiaotong1\5080train\update\run_logs\publication-hpo-20260611-005517\artifacts\catboost\trial_0021,"{'ITERATIONS': 1500, 'LEARNING_RATE': 0.058350692740718996, 'DEPTH': 4, 'L2_LEAF_REG': 1.0427861404115466, 'SUBSAMPLE': 0.6160018445257858, 'WAVEFORM_FEATURE_COUNT': 256}","{'Samples': 3420, 'R2': 0.7960245914192218, 'MAE': 0.0006436486708374806, 'RMSE': 0.0012149688957509915, 'MAPE': 27.05492976791535, 'Bias': -0.00037385721940448184, 'SelectionScore': 0.0032263310453720384}",C:\Users\jiaotong1\5080train\update\run_logs\publication-hpo-20260611-005517\artifacts\catboost\trial_0021\model-20260531-181258-99dfe0c9-train20260611-022841
22,0.00349489880715344,COMPLETE,9,2500,1.38478798837557,0.0646003132812033,0.7837936690879443,256,C:\Users\jiaotong1\5080train\update\run_logs\publication-hpo-20260611-005517\artifacts\catboost\trial_0022,"{'ITERATIONS': 2500, 'LEARNING_RATE': 0.0646003132812033, 'DEPTH': 9, 'L2_LEAF_REG': 1.38478798837557, 'SUBSAMPLE': 0.7837936690879443, 'WAVEFORM_FEATURE_COUNT': 256}","{'Samples': 3420, 'R2': 0.7643977516757295, 'MAE': 0.0006685550424574146, 'RMSE': 0.0013057678432936647, 'MAPE': 27.700024438454758, 'Bias': -0.00036805605414040745, 'SelectionScore': 0.00349489880715344}",C:\Users\jiaotong1\5080train\update\run_logs\publication-hpo-20260611-005517\artifacts\catboost\trial_0022\model-20260531-181258-99dfe0c9-train20260611-022851
23,0.0035286214950100243,COMPLETE,9,4000,1.3696168398443962,0.03870538612654168,0.6101054615854803,384,C:\Users\jiaotong1\5080train\update\run_logs\publication-hpo-20260611-005517\artifacts\catboost\trial_0023,"{'ITERATIONS': 4000, 'LEARNING_RATE': 0.03870538612654168, 'DEPTH': 9, 'L2_LEAF_REG': 1.3696168398443962, 'SUBSAMPLE': 0.6101054615854803, 'WAVEFORM_FEATURE_COUNT': 384}","{'Samples': 3420, 'R2': 0.7579892228842013, 'MAE': 0.000682247452017856, 'RMSE': 0.0013234075471231033, 'MAPE': 26.129838406215537, 'Bias': -0.00041086089705839304, 'SelectionScore': 0.0035286214950100243}",C:\Users\jiaotong1\5080train\update\run_logs\publication-hpo-20260611-005517\artifacts\catboost\trial_0023\model-20260531-181258-99dfe0c9-train20260611-023040
24,0.0035431919952971314,COMPLETE,9,1500,1.6827888277611955,0.07917008932017806,0.6286925616195469,64,C:\Users\jiaotong1\5080train\update\run_logs\publication-hpo-20260611-005517\artifacts\catboost\trial_0024,"{'ITERATIONS': 1500, 'LEARNING_RATE': 0.07917008932017806, 'DEPTH': 9, 'L2_LEAF_REG': 1.6827888277611955, 'SUBSAMPLE': 0.6286925616195469, 'WAVEFORM_FEATURE_COUNT': 64}","{'Samples': 3420, 'R2': 0.7511283400339983, 'MAE': 0.0006942868001940111, 'RMSE': 0.0013420354136875843, 'MAPE': 26.212167363573645, 'Bias': -0.00044431479541225073, 'SelectionScore': 0.0035431919952971314}",C:\Users\jiaotong1\5080train\update\run_logs\publication-hpo-20260611-005517\artifacts\catboost\trial_0024\model-20260531-181258-99dfe0c9-train20260611-023422
25,0.003165342410021518,COMPLETE,6,3500,1.285043108539957,0.028557805913249287,0.6964335424398345,256,C:\Users\jiaotong1\5080train\update\run_logs\publication-hpo-20260611-005517\artifacts\catboost\trial_0025,"{'ITERATIONS': 3500, 'LEARNING_RATE': 0.028557805913249287, 'DEPTH': 6, 'L2_LEAF_REG': 1.285043108539957, 'SUBSAMPLE': 0.6964335424398345, 'WAVEFORM_FEATURE_COUNT': 256}","{'Samples': 3420, 'R2': 0.8028084390111068, 'MAE': 0.0006197519817242051, 'RMSE': 0.001194594239987889, 'MAPE': 24.73435247171845, 'Bias': -0.00038214438023284234, 'SelectionScore': 0.003165342410021518}",C:\Users\jiaotong1\5080train\update\run_logs\publication-hpo-20260611-005517\artifacts\catboost\trial_0025\model-20260531-181258-99dfe0c9-train20260611-023456
26,0.003482182155125424,COMPLETE,6,2750,1.1692942090255285,0.039219062975240346,0.6862752069925132,64,C:\Users\jiaotong1\5080train\update\run_logs\publication-hpo-20260611-005517\artifacts\catboost\trial_0026,"{'ITERATIONS': 2750, 'LEARNING_RATE': 0.039219062975240346, 'DEPTH': 6, 'L2_LEAF_REG': 1.1692942090255285, 'SUBSAMPLE': 0.6862752069925132, 'WAVEFORM_FEATURE_COUNT': 64}","{'Samples': 3420, 'R2': 0.7618392306890303, 'MAE': 0.0006990005797149146, 'RMSE': 0.0013128386871166253, 'MAPE': 28.649058018103506, 'Bias': -0.00039268230869135567, 'SelectionScore': 0.003482182155125424}",C:\Users\jiaotong1\5080train\update\run_logs\publication-hpo-20260611-005517\artifacts\catboost\trial_0026\model-20260531-181258-99dfe0c9-train20260611-023532
27,0.0034169638335877347,COMPLETE,7,4000,2.3784605264703695,0.030564047039690966,0.7331045557415904,256,C:\Users\jiaotong1\5080train\update\run_logs\publication-hpo-20260611-005517\artifacts\catboost\trial_0027,"{'ITERATIONS': 4000, 'LEARNING_RATE': 0.030564047039690966, 'DEPTH': 7, 'L2_LEAF_REG': 2.3784605264703695, 'SUBSAMPLE': 0.7331045557415904, 'WAVEFORM_FEATURE_COUNT': 256}","{'Samples': 3420, 'R2': 0.7684592162240318, 'MAE': 0.0006811960460034944, 'RMSE': 0.0012944640791097012, 'MAPE': 25.275550167204397, 'Bias': -0.00045178738164116094, 'SelectionScore': 0.0034169638335877347}",C:\Users\jiaotong1\5080train\update\run_logs\publication-hpo-20260611-005517\artifacts\catboost\trial_0027\model-20260531-181258-99dfe0c9-train20260611-023549
28,0.00330507165160468,COMPLETE,6,4500,1.0525279787747375,0.03569551929080651,0.6748845380498631,256,C:\Users\jiaotong1\5080train\update\run_logs\publication-hpo-20260611-005517\artifacts\catboost\trial_0028,"{'ITERATIONS': 4500, 'LEARNING_RATE': 0.03569551929080651, 'DEPTH': 6, 'L2_LEAF_REG': 1.0525279787747375, 'SUBSAMPLE': 0.6748845380498631, 'WAVEFORM_FEATURE_COUNT': 256}","{'Samples': 3420, 'R2': 0.7853201374034602, 'MAE': 0.0006611786175741591, 'RMSE': 0.0012464415227101456, 'MAPE': 25.908592118696493, 'Bias': -0.00040446768492962846, 'SelectionScore': 0.00330507165160468}",C:\Users\jiaotong1\5080train\update\run_logs\publication-hpo-20260611-005517\artifacts\catboost\trial_0028\model-20260531-181258-99dfe0c9-train20260611-023650
29,0.003546357555777883,COMPLETE,4,4000,2.0281764818298336,0.016200618724446846,0.6740636545753955,64,C:\Users\jiaotong1\5080train\update\run_logs\publication-hpo-20260611-005517\artifacts\catboost\trial_0029,"{'ITERATIONS': 4000, 'LEARNING_RATE': 0.016200618724446846, 'DEPTH': 4, 'L2_LEAF_REG': 2.0281764818298336, 'SUBSAMPLE': 0.6740636545753955, 'WAVEFORM_FEATURE_COUNT': 64}","{'Samples': 3420, 'R2': 0.7550026996379959, 'MAE': 0.0007107689737654654, 'RMSE': 0.001331548235209596, 'MAPE': 30.404355351156905, 'Bias': -0.00040817157943171466, 'SelectionScore': 0.003546357555777883}",C:\Users\jiaotong1\5080train\update\run_logs\publication-hpo-20260611-005517\artifacts\catboost\trial_0029\model-20260531-181258-99dfe0c9-train20260611-023736
30,0.003508748585778765,COMPLETE,4,4500,1.0984446924658349,0.051640586324430124,0.6180716987899418,64,C:\Users\jiaotong1\5080train\update\run_logs\publication-hpo-20260611-005517\artifacts\catboost\trial_0030,"{'ITERATIONS': 4500, 'LEARNING_RATE': 0.051640586324430124, 'DEPTH': 4, 'L2_LEAF_REG': 1.0984446924658349, 'SUBSAMPLE': 0.6180716987899418, 'WAVEFORM_FEATURE_COUNT': 64}","{'Samples': 3420, 'R2': 0.7595803333234648, 'MAE': 0.000713076472037003, 'RMSE': 0.0013190499726450763, 'MAPE': 31.835291301501446, 'Bias': -0.00038578216516777517, 'SelectionScore': 0.003508748585778765}",C:\Users\jiaotong1\5080train\update\run_logs\publication-hpo-20260611-005517\artifacts\catboost\trial_0030\model-20260531-181258-99dfe0c9-train20260611-023750
31,0.0035470814385666293,COMPLETE,5,2000,2.2870573085476122,0.016979732377584537,0.7925945207419618,384,C:\Users\jiaotong1\5080train\update\run_logs\publication-hpo-20260611-005517\artifacts\catboost\trial_0031,"{'ITERATIONS': 2000, 'LEARNING_RATE': 0.016979732377584537, 'DEPTH': 5, 'L2_LEAF_REG': 2.2870573085476122, 'SUBSAMPLE': 0.7925945207419618, 'WAVEFORM_FEATURE_COUNT': 384}","{'Samples': 3420, 'R2': 0.756875736067061, 'MAE': 0.0006971059263891519, 'RMSE': 0.0013264485392755784, 'MAPE': 28.81215427948317, 'Bias': -0.0004055652737818688, 'SelectionScore': 0.0035470814385666293}",C:\Users\jiaotong1\5080train\update\run_logs\publication-hpo-20260611-005517\artifacts\catboost\trial_0031\model-20260531-181258-99dfe0c9-train20260611-023805
32,0.0030962491132453195,COMPLETE,4,4500,1.02101400600744,0.03040842613443203,0.6225905009186758,256,C:\Users\jiaotong1\5080train\update\run_logs\publication-hpo-20260611-005517\artifacts\catboost\trial_0032,"{'ITERATIONS': 4500, 'LEARNING_RATE': 0.03040842613443203, 'DEPTH': 4, 'L2_LEAF_REG': 1.02101400600744, 'SUBSAMPLE': 0.6225905009186758, 'WAVEFORM_FEATURE_COUNT': 256}","{'Samples': 3420, 'R2': 0.8095730943669996, 'MAE': 0.0006252733644491296, 'RMSE': 0.0011739251556442435, 'MAPE': 26.196156165096287, 'Bias': -0.00035656339700184276, 'SelectionScore': 0.0030962491132453195}",C:\Users\jiaotong1\5080train\update\run_logs\publication-hpo-20260611-005517\artifacts\catboost\trial_0032\model-20260531-181258-99dfe0c9-train20260611-023827
33,0.003180382742352215,COMPLETE,4,5750,1.344523677955099,0.013857922339327205,0.6787051649213125,256,C:\Users\jiaotong1\5080train\update\run_logs\publication-hpo-20260611-005517\artifacts\catboost\trial_0033,"{'ITERATIONS': 5750, 'LEARNING_RATE': 0.013857922339327205, 'DEPTH': 4, 'L2_LEAF_REG': 1.344523677955099, 'SUBSAMPLE': 0.6787051649213125, 'WAVEFORM_FEATURE_COUNT': 256}","{'Samples': 3420, 'R2': 0.8017527615771207, 'MAE': 0.0006343489790814022, 'RMSE': 0.0011977876394055167, 'MAPE': 26.648118774131564, 'Bias': -0.00036043980709317175, 'SelectionScore': 0.003180382742352215}",C:\Users\jiaotong1\5080train\update\run_logs\publication-hpo-20260611-005517\artifacts\catboost\trial_0033\model-20260531-181258-99dfe0c9-train20260611-023852
34,0.003280468320831692,COMPLETE,4,5000,1.5848921122481834,0.010401001592483744,0.7902732729471582,256,C:\Users\jiaotong1\5080train\update\run_logs\publication-hpo-20260611-005517\artifacts\catboost\trial_0034,"{'ITERATIONS': 5000, 'LEARNING_RATE': 0.010401001592483744, 'DEPTH': 4, 'L2_LEAF_REG': 1.5848921122481834, 'SUBSAMPLE': 0.7902732729471582, 'WAVEFORM_FEATURE_COUNT': 256}","{'Samples': 3420, 'R2': 0.7893379812662725, 'MAE': 0.0006534153529572538, 'RMSE': 0.0012347225354523992, 'MAPE': 27.052671838186054, 'Bias': -0.0003924391318593591, 'SelectionScore': 0.003280468320831692}",C:\Users\jiaotong1\5080train\update\run_logs\publication-hpo-20260611-005517\artifacts\catboost\trial_0034\model-20260531-181258-99dfe0c9-train20260611-023924
35,0.0031973306750370436,COMPLETE,4,5250,1.0200121175763306,0.014960316431399388,0.6885997880683068,256,C:\Users\jiaotong1\5080train\update\run_logs\publication-hpo-20260611-005517\artifacts\catboost\trial_0035,"{'ITERATIONS': 5250, 'LEARNING_RATE': 0.014960316431399388, 'DEPTH': 4, 'L2_LEAF_REG': 1.0200121175763306, 'SUBSAMPLE': 0.6885997880683068, 'WAVEFORM_FEATURE_COUNT': 256}","{'Samples': 3420, 'R2': 0.7995747272852547, 'MAE': 0.0006394873929108484, 'RMSE': 0.0012043493858367553, 'MAPE': 27.031091940733518, 'Bias': -0.00037141790055304427, 'SelectionScore': 0.0031973306750370436}",C:\Users\jiaotong1\5080train\update\run_logs\publication-hpo-20260611-005517\artifacts\catboost\trial_0035\model-20260531-181258-99dfe0c9-train20260611-023953
36,0.003376195792942199,COMPLETE,4,5500,1.1941321382246393,0.019461337029446052,0.6916633480738212,384,C:\Users\jiaotong1\5080train\update\run_logs\publication-hpo-20260611-005517\artifacts\catboost\trial_0036,"{'ITERATIONS': 5500, 'LEARNING_RATE': 0.019461337029446052, 'DEPTH': 4, 'L2_LEAF_REG': 1.1941321382246393, 'SUBSAMPLE': 0.6916633480738212, 'WAVEFORM_FEATURE_COUNT': 384}","{'Samples': 3420, 'R2': 0.7791493672826484, 'MAE': 0.0006701397942540007, 'RMSE': 0.0012642285035811718, 'MAPE': 28.489403260003666, 'Bias': -0.0003654109450147918, 'SelectionScore': 0.003376195792942199}",C:\Users\jiaotong1\5080train\update\run_logs\publication-hpo-20260611-005517\artifacts\catboost\trial_0036\model-20260531-181258-99dfe0c9-train20260611-024023
37,0.0033711863360515485,COMPLETE,6,5500,4.289098901607941,0.006316197938720379,0.9976544664717388,128,C:\Users\jiaotong1\5080train\update\run_logs\publication-hpo-20260611-005517\artifacts\catboost\trial_0037,"{'ITERATIONS': 5500, 'LEARNING_RATE': 0.006316197938720379, 'DEPTH': 6, 'L2_LEAF_REG': 4.289098901607941, 'SUBSAMPLE': 0.9976544664717388, 'WAVEFORM_FEATURE_COUNT': 128}","{'Samples': 3420, 'R2': 0.7800813070255728, 'MAE': 0.0006464535207813146, 'RMSE': 0.001261558304451946, 'MAPE': 25.404273212116877, 'Bias': -0.0003792989359228999, 'SelectionScore': 0.0033711863360515485}",C:\Users\jiaotong1\5080train\update\run_logs\publication-hpo-20260611-005517\artifacts\catboost\trial_0037\model-20260531-181258-99dfe0c9-train20260611-024101
38,0.0035158287286827694,COMPLETE,8,1750,1.0441322043174792,0.0707653865980089,0.7921122533151509,64,C:\Users\jiaotong1\5080train\update\run_logs\publication-hpo-20260611-005517\artifacts\catboost\trial_0038,"{'ITERATIONS': 1750, 'LEARNING_RATE': 0.0707653865980089, 'DEPTH': 8, 'L2_LEAF_REG': 1.0441322043174792, 'SUBSAMPLE': 0.7921122533151509, 'WAVEFORM_FEATURE_COUNT': 64}","{'Samples': 3420, 'R2': 0.7575326623218026, 'MAE': 0.0006827055905831546, 'RMSE': 0.0013246552828684657, 'MAPE': 25.196193903455494, 'Bias': -0.00042903592762842083, 'SelectionScore': 0.0035158287286827694}",C:\Users\jiaotong1\5080train\update\run_logs\publication-hpo-20260611-005517\artifacts\catboost\trial_0038\model-20260531-181258-99dfe0c9-train20260611-024147
39,0.0030691088306189383,COMPLETE,4,6000,1.1469494243938012,0.07332033682912427,0.6246200690727831,256,C:\Users\jiaotong1\5080train\update\run_logs\publication-hpo-20260611-005517\artifacts\catboost\trial_0039,"{'ITERATIONS': 6000, 'LEARNING_RATE': 0.07332033682912427, 'DEPTH': 4, 'L2_LEAF_REG': 1.1469494243938012, 'SUBSAMPLE': 0.6246200690727831, 'WAVEFORM_FEATURE_COUNT': 256}","{'Samples': 3420, 'R2': 0.8130807157133002, 'MAE': 0.0006307487813112616, 'RMSE': 0.0011630631839500505, 'MAPE': 27.080783877468267, 'Bias': -0.00036205078441623714, 'SelectionScore': 0.0030691088306189383}",C:\Users\jiaotong1\5080train\update\run_logs\publication-hpo-20260611-005517\artifacts\catboost\trial_0039\model-20260531-181258-99dfe0c9-train20260611-024211
40,0.003424310090403817,COMPLETE,4,6000,2.52700699189242,0.05264183591051551,0.6772439062503277,64,C:\Users\jiaotong1\5080train\update\run_logs\publication-hpo-20260611-005517\artifacts\catboost\trial_0040,"{'ITERATIONS': 6000, 'LEARNING_RATE': 0.05264183591051551, 'DEPTH': 4, 'L2_LEAF_REG': 2.52700699189242, 'SUBSAMPLE': 0.6772439062503277, 'WAVEFORM_FEATURE_COUNT': 64}","{'Samples': 3420, 'R2': 0.7710030497278989, 'MAE': 0.0006963444667163506, 'RMSE': 0.0012873335955081392, 'MAPE': 30.502066694607247, 'Bias': -0.00036031439014513184, 'SelectionScore': 0.003424310090403817}",C:\Users\jiaotong1\5080train\update\run_logs\publication-hpo-20260611-005517\artifacts\catboost\trial_0040\model-20260531-181258-99dfe0c9-train20260611-024242
41,0.0031050027798227497,COMPLETE,5,6000,3.16745380876407,0.05554296807524725,0.6250703640329839,256,C:\Users\jiaotong1\5080train\update\run_logs\publication-hpo-20260611-005517\artifacts\catboost\trial_0041,"{'ITERATIONS': 6000, 'LEARNING_RATE': 0.05554296807524725, 'DEPTH': 5, 'L2_LEAF_REG': 3.16745380876407, 'SUBSAMPLE': 0.6250703640329839, 'WAVEFORM_FEATURE_COUNT': 256}","{'Samples': 3420, 'R2': 0.807868177967134, 'MAE': 0.0006252341628367354, 'RMSE': 0.0011791685964005075, 'MAPE': 24.676108635828655, 'Bias': -0.00038795502390810894, 'SelectionScore': 0.0031050027798227497}",C:\Users\jiaotong1\5080train\update\run_logs\publication-hpo-20260611-005517\artifacts\catboost\trial_0041\model-20260531-181258-99dfe0c9-train20260611-024303
42,0.0032560745758935796,COMPLETE,7,6000,3.9426289486401345,0.060023868120988075,0.6329987938669875,256,C:\Users\jiaotong1\5080train\update\run_logs\publication-hpo-20260611-005517\artifacts\catboost\trial_0042,"{'ITERATIONS': 6000, 'LEARNING_RATE': 0.060023868120988075, 'DEPTH': 7, 'L2_LEAF_REG': 3.9426289486401345, 'SUBSAMPLE': 0.6329987938669875, 'WAVEFORM_FEATURE_COUNT': 256}","{'Samples': 3420, 'R2': 0.7889463386342424, 'MAE': 0.0006492926721732242, 'RMSE': 0.0012358697413973837, 'MAPE': 26.1998345161579, 'Bias': -0.0003726645073174684, 'SelectionScore': 0.0032560745758935796}",C:\Users\jiaotong1\5080train\update\run_logs\publication-hpo-20260611-005517\artifacts\catboost\trial_0042\model-20260531-181258-99dfe0c9-train20260611-024345
43,0.003418260647809833,COMPLETE,6,6000,1.300685532275668,0.0691669793270992,0.6626279845658374,256,C:\Users\jiaotong1\5080train\update\run_logs\publication-hpo-20260611-005517\artifacts\catboost\trial_0043,"{'ITERATIONS': 6000, 'LEARNING_RATE': 0.0691669793270992, 'DEPTH': 6, 'L2_LEAF_REG': 1.300685532275668, 'SUBSAMPLE': 0.6626279845658374, 'WAVEFORM_FEATURE_COUNT': 256}","{'Samples': 3420, 'R2': 0.7706690564187022, 'MAE': 0.0006705598047038456, 'RMSE': 0.0012882720450077246, 'MAPE': 26.12207029758778, 'Bias': -0.0003998300766146425, 'SelectionScore': 0.003418260647809833}",C:\Users\jiaotong1\5080train\update\run_logs\publication-hpo-20260611-005517\artifacts\catboost\trial_0043\model-20260531-181258-99dfe0c9-train20260611-024513
44,0.0036750193219927743,COMPLETE,4,5500,2.666430484920306,0.06456343448480034,0.6416057270241955,384,C:\Users\jiaotong1\5080train\update\run_logs\publication-hpo-20260611-005517\artifacts\catboost\trial_0044,"{'ITERATIONS': 5500, 'LEARNING_RATE': 0.06456343448480034, 'DEPTH': 4, 'L2_LEAF_REG': 2.666430484920306, 'SUBSAMPLE': 0.6416057270241955, 'WAVEFORM_FEATURE_COUNT': 384}","{'Samples': 3420, 'R2': 0.7373834234749902, 'MAE': 0.0007097427766850934, 'RMSE': 0.0013785969765069332, 'MAPE': 28.284974930580987, 'Bias': -0.00042383844969851335, 'SelectionScore': 0.0036750193219927743}",C:\Users\jiaotong1\5080train\update\run_logs\publication-hpo-20260611-005517\artifacts\catboost\trial_0044\model-20260531-181258-99dfe0c9-train20260611-024613
45,0.003270253432461397,COMPLETE,4,5250,1.6529540237199132,0.04471967219030136,0.6627004440788609,256,C:\Users\jiaotong1\5080train\update\run_logs\publication-hpo-20260611-005517\artifacts\catboost\trial_0045,"{'ITERATIONS': 5250, 'LEARNING_RATE': 0.04471967219030136, 'DEPTH': 4, 'L2_LEAF_REG': 1.6529540237199132, 'SUBSAMPLE': 0.6627004440788609, 'WAVEFORM_FEATURE_COUNT': 256}","{'Samples': 3420, 'R2': 0.79066243005777, 'MAE': 0.000649877664084654, 'RMSE': 0.0012308350163616516, 'MAPE': 27.302227008824385, 'Bias': -0.0003853015368277786, 'SelectionScore': 0.003270253432461397}",C:\Users\jiaotong1\5080train\update\run_logs\publication-hpo-20260611-005517\artifacts\catboost\trial_0045\model-20260531-181258-99dfe0c9-train20260611-024651
46,0.0031707434181708002,COMPLETE,6,2000,2.1800956943142813,0.05293776127039854,0.850575363516807,256,C:\Users\jiaotong1\5080train\update\run_logs\publication-hpo-20260611-005517\artifacts\catboost\trial_0046,"{'ITERATIONS': 2000, 'LEARNING_RATE': 0.05293776127039854, 'DEPTH': 6, 'L2_LEAF_REG': 2.1800956943142813, 'SUBSAMPLE': 0.850575363516807, 'WAVEFORM_FEATURE_COUNT': 256}","{'Samples': 3420, 'R2': 0.8036748294488532, 'MAE': 0.0006083083330581465, 'RMSE': 0.001191967037368828, 'MAPE': 23.904558721990686, 'Bias': -0.00034814653568523496, 'SelectionScore': 0.0031707434181708002}",C:\Users\jiaotong1\5080train\update\run_logs\publication-hpo-20260611-005517\artifacts\catboost\trial_0046\model-20260531-181258-99dfe0c9-train20260611-024719
47,0.003202645742287076,COMPLETE,6,3250,1.0166425594255122,0.016556220067854958,0.7021182411214648,256,C:\Users\jiaotong1\5080train\update\run_logs\publication-hpo-20260611-005517\artifacts\catboost\trial_0047,"{'ITERATIONS': 3250, 'LEARNING_RATE': 0.016556220067854958, 'DEPTH': 6, 'L2_LEAF_REG': 1.0166425594255122, 'SUBSAMPLE': 0.7021182411214648, 'WAVEFORM_FEATURE_COUNT': 256}","{'Samples': 3420, 'R2': 0.7976480540556092, 'MAE': 0.000638214626825741, 'RMSE': 0.0012101242013173592, 'MAPE': 24.934132627790934, 'Bias': -0.00038829598492767266, 'SelectionScore': 0.003202645742287076}",C:\Users\jiaotong1\5080train\update\run_logs\publication-hpo-20260611-005517\artifacts\catboost\trial_0047\model-20260531-181258-99dfe0c9-train20260611-024742
48,0.0033116462314030847,COMPLETE,4,5500,6.492079143790049,0.05925410269501655,0.675361705239307,256,C:\Users\jiaotong1\5080train\update\run_logs\publication-hpo-20260611-005517\artifacts\catboost\trial_0048,"{'ITERATIONS': 5500, 'LEARNING_RATE': 0.05925410269501655, 'DEPTH': 4, 'L2_LEAF_REG': 6.492079143790049, 'SUBSAMPLE': 0.675361705239307, 'WAVEFORM_FEATURE_COUNT': 256}","{'Samples': 3420, 'R2': 0.7849008955397341, 'MAE': 0.0006568278651694496, 'RMSE': 0.0012476579982247374, 'MAPE': 27.10263398703799, 'Bias': -0.0003672685972208732, 'SelectionScore': 0.0033116462314030847}",C:\Users\jiaotong1\5080train\update\run_logs\publication-hpo-20260611-005517\artifacts\catboost\trial_0048\model-20260531-181258-99dfe0c9-train20260611-024816
49,0.0033933141233756185,COMPLETE,6,3500,1.1252403512096734,0.022699667621259172,0.6322491612513279,384,C:\Users\jiaotong1\5080train\update\run_logs\publication-hpo-20260611-005517\artifacts\catboost\trial_0049,"{'ITERATIONS': 3500, 'LEARNING_RATE': 0.022699667621259172, 'DEPTH': 6, 'L2_LEAF_REG': 1.1252403512096734, 'SUBSAMPLE': 0.6322491612513279, 'WAVEFORM_FEATURE_COUNT': 384}","{'Samples': 3420, 'R2': 0.7753128634143647, 'MAE': 0.0006656358894799683, 'RMSE': 0.0012751619897233986, 'MAPE': 26.163560237628797, 'Bias': -0.00041441205967548847, 'SelectionScore': 0.0033933141233756185}",C:\Users\jiaotong1\5080train\update\run_logs\publication-hpo-20260611-005517\artifacts\catboost\trial_0049\model-20260531-181258-99dfe0c9-train20260611-024846
